dateflg,timeflg,INFLOW_STRETCHER,Infl_Stretcher_cum,INFLOW_AMBULATORY,Infl_Ambulatory_cum,Inflow_Total,Inflow_Cum_Total,INFLOW_AMBULANCES,Infl_Ambulances_cum,FLS,CUM_ADMREQ,CUM_BA1,WAITINGADM,TTStr,TRG_HALLWAY1,TRG_HALLWAY_TBS,reoriented_cum,reoriented_cum_MD,QTRACK1,RESUS,Pod_T,POD_GREEN,POD_GREEN_TBS,POD_YELLOW,POD_YELLOW_TBS,POD_ORANGE,POD_ORANGE_TBS,POD_CONS_MORE2H,POD_IMCONS_MORE4H,POD_XRAY_MORE2H,POD_CT_MORE2H,POST_POD1,VERTSTRET,RAZ_TBS,RAZ_LAZYBOY,RAZ_WAITINGREZ,AMBVERT1,AMBVERTTBS,QTrack_TBS,Garage_TBS,RAZ_CONS_MORE2H,RAZ_IMCONS_MORE4H,RAZ_XRAY_MORE2H,RAZ_CT_MORE2H1,PSYCH1,PSYCH_WAITINGADM
12/01/21,24,2,128,0,109,2,237,2,43,0,30,34,16,67,0,0,20,18,0,4,48,18,1,16,2,14,2,3,2,2,2,0,8,4,1,7,14,14,0,3,2,1,0,0,7,6
12/01/21,23,2,126,3,109,5,235,1,41,1,29,34,15,72,1,1,18,18,0,4,49,18,1,16,3,15,1,4,2,0,1,0,11,5,2,2,15,14,0,3,0,0,0,2,7,6
12/01/21,22,3,124,7,106,10,230,3,40,1,25,32,15,78,1,1,17,18,1,4,50,18,3,17,4,15,1,3,1,3,1,0,15,8,4,3,19,15,0,1,0,0,0,2,8,5
12/01/21,21,8,121,4,99,12,220,2,37,0,25,30,17,85,3,3,16,18,2,4,49,18,6,16,1,15,2,1,0,3,1,0,20,8,5,4,15,13,0,1,0,0,0,0,9,6
12/01/21,20,7,113,3,95,10,208,4,35,0,21,29,15,87,2,2,16,18,2,5,51,17,5,17,1,17,3,1,1,4,2,0,20,7,6,5,11,10,0,1,1,0,1,0,9,4
12/01/21,19,9,106,6,92,15,198,5,31,0,20,29,15,92,5,4,15,18,1,5,52,19,3,17,3,16,2,4,1,6,1,2,19,10,5,5,10,8,0,1,4,0,3,0,9,4
12/01/21,18,10,97,3,86,13,183,2,26,0,19,24,19,92,2,2,15,15,1,6,53,19,4,16,1,18,3,3,0,4,1,2,20,7,6,7,11,8,0,1,3,0,1,0,9,4
12/01/21,17,3,87,2,83,5,170,1,24,0,18,23,20,93,4,4,13,12,2,4,55,20,4,17,1,18,0,2,0,4,0,3,18,5,6,6,12,9,0,3,4,0,1,2,9,5
12/01/21,16,7,84,8,81,15,165,2,23,0,18,17,27,90,3,3,13,12,3,5,52,18,4,17,1,17,2,4,0,1,0,4,17,6,5,7,16,13,1,4,5,0,1,2,9,6
12/01/21,15,14,77,7,73,21,150,2,21,1,18,12,33,92,4,4,12,9,3,5,54,20,4,16,1,18,0,7,0,8,4,4,16,4,3,9,13,8,1,5,4,0,3,4,9,6
12/01/21,14,9,63,7,66,16,129,3,19,0,16,11,32,88,5,5,9,8,2,3,48,17,5,15,0,16,0,7,0,6,1,5,20,7,3,8,13,9,1,3,7,0,1,3,7,6
12/01/21,13,11,54,8,59,19,113,1,16,1,14,8,35,75,3,3,8,2,5,4,48,16,5,14,0,18,1,6,0,6,1,5,7,0,3,8,18,14,1,8,7,0,0,2,8,8
12/01/21,12,11,43,12,51,23,94,3,15,0,12,5,37,70,4,4,7,0,6,5,49,17,1,14,0,18,1,8,0,5,0,1,2,0,2,6,18,12,1,3,4,0,0,2,9,9
12/01/21,11,7,32,9,39,16,71,3,12,0,11,5,36,66,0,0,7,0,4,5,50,19,1,15,1,16,2,9,1,1,0,0,2,0,2,6,13,7,4,1,3,0,1,1,9,9
12/01/21,10,11,25,9,30,20,55,2,9,0,9,5,35,62,0,0,4,0,0,4,47,19,1,13,0,15,1,15,2,1,0,0,2,0,2,4,20,14,0,1,3,0,0,1,9,9
12/01/21,9,4,14,10,21,14,35,0,7,0,9,5,35,61,0,0,3,0,0,3,47,17,0,15,0,15,2,15,2,1,0,0,3,0,3,2,10,5,0,1,3,0,0,1,8,8
12/01/21,8,1,10,1,11,2,21,1,7,0,9,5,37,62,0,0,2,0,0,3,45,17,1,14,0,14,1,14,2,1,0,0,4,0,4,2,2,2,0,0,3,0,0,1,10,10
12/01/21,7,2,9,1,10,3,19,2,6,0,7,5,35,63,0,0,2,0,0,3,45,18,1,14,0,13,0,15,2,1,1,0,5,0,4,3,1,1,0,0,3,0,0,2,10,10
12/01/21,6,0,7,1,9,1,16,0,4,0,6,5,34,64,0,0,2,0,1,3,46,19,0,15,0,12,0,12,1,2,0,0,5,0,5,2,1,0,0,0,3,0,0,1,10,10
12/01/21,5,1,7,1,8,2,15,1,4,0,5,5,33,67,0,0,0,0,1,4,47,19,1,14,0,14,0,13,2,1,0,0,6,0,4,4,4,4,0,0,3,0,0,1,10,10
12/01/21,4,0,6,2,7,2,13,0,3,0,5,4,34,68,0,0,0,0,1,4,49,19,0,16,0,14,0,12,2,1,1,0,5,0,4,4,6,3,0,0,3,0,0,1,10,10
12/01/21,3,3,6,0,5,3,11,2,3,0,3,2,34,69,0,0,0,0,1,4,51,20,0,16,0,15,1,13,2,1,1,0,4,0,3,5,7,4,0,0,3,0,0,1,10,10
12/01/21,2,1,3,1,5,2,8,0,1,0,2,1,34,68,0,0,0,0,0,4,49,20,0,15,0,14,0,10,1,2,1,0,5,0,4,2,8,6,0,3,3,0,0,1,10,10
12/01/21,1,2,2,4,4,6,6,1,1,0,0,0,33,70,0,0,0,0,0,5,51,20,0,16,0,15,0,7,2,4,4,0,4,1,3,2,11,9,0,3,3,0,0,1,10,10
11/30/21,24,2,124,2,125,4,249,2,37,0,44,33,33,78,0,0,15,9,0,4,52,19,2,17,0,16,0,4,1,2,4,0,12,1,4,8,11,9,0,2,3,0,0,1,10,10
11/30/21,23,4,122,5,123,9,245,2,35,1,40,34,28,79,1,1,15,9,0,5,50,18,3,17,1,15,0,2,0,2,4,0,13,2,5,5,11,9,0,2,3,0,0,1,10,9
11/30/21,22,3,118,1,118,4,236,1,33,0,40,33,29,76,3,3,15,9,0,5,46,17,1,15,0,14,1,0,0,0,1,0,13,4,5,4,13,9,0,3,0,0,0,1,9,9
11/30/21,21,3,115,5,117,8,232,0,32,0,39,32,29,77,3,3,14,9,0,4,49,20,4,17,1,12,1,0,0,0,0,0,12,4,4,6,15,10,0,2,0,0,0,1,9,9
11/30/21,20,7,112,10,112,17,224,4,32,0,36,32,27,88,5,5,13,9,1,5,50,20,3,16,2,14,0,2,0,2,0,0,17,5,8,5,17,14,1,1,1,0,0,2,11,8
11/30/21,19,8,105,7,102,15,207,3,28,1,35,30,28,86,2,2,12,9,3,4,52,21,4,17,1,14,0,1,0,5,1,1,15,5,8,4,15,13,0,2,3,0,0,3,12,8
11/30/21,18,4,97,3,95,7,192,0,25,0,32,22,33,84,4,4,12,9,7,3,49,20,2,14,1,15,1,2,1,6,1,3,13,4,8,2,17,13,1,0,3,0,0,1,12,8
11/30/21,17,8,93,6,92,14,185,2,25,0,28,22,29,92,6,6,11,7,10,5,51,19,3,15,2,17,0,4,0,7,0,2,16,4,10,1,22,17,6,3,3,0,1,1,12,8
11/30/21,16,10,85,4,86,14,171,3,23,0,26,23,26,105,5,5,10,6,13,3,53,20,3,16,1,17,0,5,0,4,1,5,27,8,8,10,17,14,8,4,5,0,1,1,12,8
11/30/21,15,5,75,10,82,15,157,1,20,0,21,16,30,99,1,1,10,3,13,4,49,17,3,16,2,16,0,8,0,4,2,6,28,8,9,11,16,12,8,5,4,0,2,2,11,8
11/30/21,14,14,70,6,72,20,142,4,19,2,21,14,33,102,2,2,10,3,10,5,51,19,4,18,1,14,0,7,0,6,2,4,29,11,10,8,20,15,5,5,3,0,1,2,11,9
11/30/21,13,4,56,13,66,17,122,2,15,1,16,9,34,100,2,2,7,2,11,4,49,17,2,16,2,16,0,5,2,4,2,5,27,10,11,6,19,15,6,5,2,0,1,1,13,11
11/30/21,12,7,52,13,53,20,105,2,13,1,14,6,35,94,4,3,6,1,10,4,46,18,3,15,1,13,1,13,3,3,2,6,20,5,10,6,19,15,5,3,7,0,0,3,14,12
11/30/21,11,13,45,13,40,26,85,3,11,0,12,7,32,89,0,0,6,1,4,2,48,18,3,17,2,13,0,7,3,0,1,7,19,6,8,5,18,13,4,5,4,0,0,4,13,12
11/30/21,10,9,32,10,27,19,59,3,8,0,11,7,32,83,0,0,5,1,0,1,52,20,4,16,1,16,0,7,3,0,1,6,10,1,5,5,16,13,0,3,6,0,0,3,14,13
11/30/21,9,15,23,13,17,28,40,3,5,0,11,5,34,79,0,0,4,0,0,1,48,17,1,15,0,16,0,9,2,0,1,6,11,2,5,4,12,10,0,3,7,0,0,3,13,13
11/30/21,4,1,8,1,4,2,12,0,2,0,6,3,31,75,0,0,2,0,2,2,48,18,0,15,0,15,0,8,2,0,1,5,7,3,3,6,13,13,2,2,6,0,0,0,13,13
11/30/21,3,2,7,0,3,2,10,2,2,0,3,3,28,79,0,0,2,0,2,3,49,19,1,15,0,15,2,6,3,1,0,5,9,3,3,6,13,12,2,2,7,0,2,0,13,11
11/30/21,2,1,5,3,3,4,8,0,0,0,3,3,28,81,0,0,0,0,0,5,49,18,1,17,0,14,2,5,3,1,0,5,9,5,3,3,13,12,0,4,4,0,1,0,13,11
11/30/21,1,4,4,0,0,4,4,0,0,0,3,0,30,85,3,3,0,0,0,5,51,18,1,17,0,16,0,7,3,1,2,0,12,5,6,4,13,13,0,3,3,0,0,1,14,11
11/29/21,24,5,137,1,135,6,272,2,45,1,43,37,26,86,1,1,19,27,0,4,54,20,2,18,2,16,0,7,2,0,4,0,12,5,5,4,11,11,0,3,3,0,2,1,15,11
11/29/21,23,2,132,2,134,4,266,1,43,0,43,36,27,89,0,0,19,27,0,4,55,21,5,18,3,16,0,5,2,0,2,0,14,3,5,5,20,15,0,3,0,0,0,1,16,11
11/29/21,22,5,130,2,132,7,262,2,42,0,42,33,29,93,1,1,19,26,0,5,52,18,2,18,4,16,1,5,1,0,2,0,18,3,5,9,20,16,0,3,0,1,0,1,17,11
11/29/21,21,7,125,4,130,11,255,1,40,1,42,32,30,92,2,2,19,26,0,5,53,20,2,16,4,17,4,5,0,5,4,0,16,5,4,7,21,16,0,5,2,0,0,1,16,11
11/29/21,20,10,118,11,126,21,244,2,39,0,39,31,29,91,0,0,19,26,0,5,51,20,2,14,1,17,5,2,1,4,4,2,20,7,5,9,22,19,0,5,3,0,2,2,13,12
11/29/21,19,5,108,10,115,15,223,1,37,0,39,29,31,86,1,1,19,23,2,4,51,17,1,16,2,18,3,4,0,5,5,1,15,1,7,7,23,18,0,2,1,0,0,3,14,12
11/29/21,18,7,103,3,105,10,208,4,36,0,33,28,26,89,2,2,18,18,7,6,52,19,0,17,0,16,4,6,0,3,5,2,14,2,4,5,19,15,3,2,1,0,0,1,13,10
11/29/21,17,7,96,9,102,16,198,4,32,0,31,25,27,91,1,1,17,16,10,4,52,20,2,18,1,14,2,7,1,9,6,2,18,6,4,4,21,18,5,1,4,0,1,1,14,10
11/29/21,16,5,89,8,93,13,182,2,28,0,30,22,29,92,4,4,16,13,13,4,50,18,0,17,1,15,1,8,0,7,6,1,21,11,2,8,15,14,8,2,6,0,0,1,12,9
11/29/21,15,2,84,11,85,13,169,0,26,0,26,20,27,97,5,5,14,13,13,4,53,20,0,16,2,17,1,9,0,6,7,1,23,9,2,8,12,9,8,4,4,0,0,4,11,10
11/29/21,14,12,82,7,74,19,156,3,26,0,26,16,30,98,5,5,14,11,11,6,53,21,2,16,4,16,0,3,0,4,6,1,22,13,2,4,10,6,5,2,0,0,0,0,11,10
11/29/21,13,13,70,11,67,24,137,4,23,1,22,16,27,84,4,4,12,6,12,5,53,20,2,16,2,17,1,4,0,4,2,0,11,4,1,5,16,13,6,1,1,0,0,0,11,9
11/29/21,12,11,57,13,56,24,113,4,19,2,17,14,24,72,2,2,10,2,9,4,52,19,4,16,3,17,0,11,1,1,2,0,3,0,1,4,17,11,5,2,1,0,0,0,11,9
11/29/21,11,16,46,8,43,24,89,5,15,0,16,10,28,69,1,1,8,2,1,1,48,17,4,14,2,17,1,9,1,4,2,0,7,0,3,3,13,10,1,2,5,0,0,0,12,10
11/29/21,10,13,30,10,35,23,65,4,10,2,15,10,27,57,0,0,7,0,0,0,40,13,0,12,3,15,1,12,1,4,2,0,5,0,3,2,11,9,0,3,4,0,0,0,12,10
11/29/21,9,1,17,12,25,13,42,0,6,0,15,9,28,56,0,0,4,0,0,2,35,13,0,9,0,13,0,7,1,0,2,0,7,1,4,2,9,6,0,3,5,0,0,0,12,10
11/29/21,8,1,16,6,13,7,29,0,6,0,14,7,29,58,0,0,1,0,1,2,37,14,0,10,0,13,1,6,2,0,2,0,7,0,5,3,8,8,0,0,3,0,0,0,12,10
11/29/21,7,2,15,2,7,4,22,0,6,0,14,6,30,60,0,0,1,0,1,2,40,16,0,11,0,13,0,7,2,0,2,0,7,0,6,2,3,3,0,0,1,0,0,0,11,10
11/29/21,6,1,13,1,5,2,18,0,6,0,13,5,31,61,0,0,1,0,1,4,42,19,1,11,0,12,0,5,3,0,2,0,4,0,3,1,4,0,0,0,2,0,0,0,11,10
11/29/21,5,4,12,1,4,5,16,1,6,0,12,4,30,66,0,0,0,0,1,4,43,19,1,12,2,12,0,3,2,0,1,0,8,0,5,2,3,1,0,0,3,0,0,0,11,10
11/29/21,4,2,8,0,3,2,11,2,5,0,10,3,29,63,0,0,0,0,0,4,40,18,0,10,1,12,0,5,2,0,2,0,8,1,5,2,3,2,0,1,2,0,0,0,11,10
11/29/21,3,2,6,2,3,4,9,1,3,0,7,2,27,61,0,0,0,0,0,4,40,18,0,11,0,11,0,2,1,1,1,0,6,0,5,0,2,2,0,1,4,0,0,1,11,10
11/29/21,2,2,4,1,1,3,5,1,2,0,5,2,24,61,0,0,0,0,0,5,40,18,0,11,1,11,1,3,2,2,6,0,5,0,4,0,2,1,0,1,3,0,1,2,11,9
11/29/21,1,2,2,0,0,2,2,1,1,0,2,1,23,64,0,0,0,0,0,6,42,18,0,12,2,12,1,3,2,1,6,0,5,0,4,0,0,0,0,0,1,0,2,0,11,8
11/28/21,24,4,98,1,92,5,190,3,37,0,32,26,21,64,1,1,13,11,0,5,40,18,0,11,0,11,0,3,0,0,5,0,8,0,8,0,1,1,0,0,2,0,1,1,10,8
11/28/21,23,5,94,3,91,8,185,1,34,0,28,23,21,61,0,0,13,11,0,6,38,16,0,11,1,11,0,3,0,1,5,0,7,0,6,1,4,1,0,1,4,0,1,3,10,7
11/28/21,22,3,89,2,88,5,177,2,33,0,25,23,18,59,0,0,13,11,0,5,39,15,0,10,1,14,0,2,1,0,4,1,5,0,4,4,5,1,0,0,3,0,1,4,9,7
11/28/21,21,5,86,6,86,11,172,2,31,1,21,18,20,63,0,0,13,11,0,7,39,16,0,10,0,13,1,2,1,0,4,0,4,0,3,5,5,2,0,4,4,0,1,4,13,7
11/28/21,20,4,81,3,80,7,161,2,29,0,19,13,24,65,0,0,12,11,0,6,39,15,0,11,0,13,0,3,2,0,2,0,7,1,5,5,4,1,0,1,7,1,1,5,13,7
11/28/21,19,2,77,6,77,8,154,3,27,0,19,13,24,65,0,0,12,10,0,5,39,15,1,13,0,11,0,4,2,0,1,0,8,0,5,5,5,1,0,0,7,1,0,1,13,7
11/28/21,18,5,75,4,71,9,146,3,24,1,18,12,24,69,0,0,11,8,0,6,40,16,1,14,0,10,0,4,2,0,1,0,9,0,5,5,5,1,0,0,6,1,0,1,14,7
11/28/21,17,4,70,3,67,7,137,2,21,1,16,10,24,66,0,0,10,7,0,5,39,14,1,15,2,10,1,5,2,2,3,0,8,0,5,6,8,2,0,0,6,1,0,1,14,7
11/28/21,16,6,66,6,64,12,130,2,19,1,14,9,23,66,0,0,10,7,0,5,40,15,4,15,1,10,0,6,2,2,2,0,7,0,4,4,8,8,0,2,8,1,0,2,14,7
11/28/21,15,9,60,6,58,15,118,2,17,1,12,9,21,74,0,0,10,7,0,5,45,16,3,15,2,14,1,10,0,2,3,0,9,0,4,5,7,6,0,0,8,2,0,2,15,7
11/28/21,14,4,51,4,52,8,103,3,15,1,11,9,20,66,0,0,9,7,0,4,42,16,4,13,0,13,1,13,1,2,3,0,6,0,4,4,5,1,0,1,5,2,0,1,14,7
11/28/21,13,11,47,9,48,20,95,2,12,1,10,7,22,66,1,1,7,6,0,5,39,14,3,14,0,11,3,9,1,0,0,0,7,1,5,4,8,6,0,1,8,2,0,1,14,8
11/28/21,12,5,36,8,39,13,75,1,10,1,7,6,21,65,0,0,6,0,0,4,38,14,2,14,1,10,2,10,1,0,0,0,9,0,6,4,6,2,0,2,6,2,0,0,14,9
11/28/21,11,9,31,5,31,14,62,3,9,0,7,6,22,66,0,0,4,0,0,4,38,15,1,13,1,10,3,12,1,0,0,0,11,0,8,6,5,2,0,0,6,1,0,0,13,9
11/28/21,10,3,22,9,26,12,48,1,6,1,6,6,21,59,0,0,3,0,0,3,34,13,0,12,1,9,1,11,1,0,0,0,10,0,7,7,5,3,0,2,5,1,0,0,12,9
11/28/21,9,6,19,5,17,11,36,2,5,0,6,5,22,60,0,0,2,0,0,3,32,13,0,11,1,8,1,9,2,0,0,0,13,0,7,4,3,2,0,0,6,1,0,0,12,9
11/28/21,8,2,13,1,12,3,25,0,3,0,7,5,23,55,0,0,1,0,0,3,29,12,0,11,0,6,0,9,2,0,1,0,11,3,7,2,4,4,0,0,5,1,0,1,12,9
11/28/21,7,2,11,2,11,4,22,0,3,0,6,5,22,57,0,0,1,0,0,4,33,12,1,12,0,9,0,10,2,1,1,0,9,2,6,4,4,4,0,0,5,1,1,0,11,9
11/28/21,6,2,9,0,9,2,18,0,3,0,5,4,21,58,0,0,1,0,0,4,34,12,1,13,0,9,0,12,3,0,0,0,9,0,5,4,7,2,0,0,3,1,0,1,11,9
11/28/21,5,1,7,0,9,1,16,0,3,0,5,3,23,59,0,0,1,0,0,4,36,13,1,13,0,10,0,10,5,1,0,0,8,0,4,5,7,7,0,0,1,1,2,1,11,9
11/28/21,4,1,6,1,9,2,15,0,3,0,4,4,21,60,0,0,1,0,0,4,37,14,0,12,0,11,0,9,5,6,1,0,9,0,5,6,9,8,0,0,2,1,2,1,10,8
11/28/21,3,2,5,2,8,4,13,1,3,0,4,4,21,56,0,0,1,0,0,3,35,13,0,12,1,10,0,10,5,6,1,0,9,1,4,3,11,6,0,0,2,1,2,1,9,8
11/28/21,2,1,3,2,6,3,9,1,2,0,2,2,21,55,0,0,1,0,0,3,34,13,0,11,0,10,0,9,5,4,1,0,9,0,4,3,11,11,0,0,3,1,2,0,9,8
11/28/21,1,2,2,4,4,6,6,1,1,0,0,1,19,59,0,0,0,0,0,3,36,15,1,11,1,10,0,9,5,2,1,0,11,3,5,4,12,12,0,0,3,0,2,0,9,8
11/27/21,24,2,124,2,85,4,209,1,36,0,27,24,19,63,0,0,15,6,0,3,35,14,0,12,1,9,1,9,6,1,0,0,16,5,4,7,9,9,0,2,1,0,2,0,9,8
11/27/21,23,4,122,2,83,6,205,1,35,0,25,23,19,62,0,0,15,6,0,3,34,13,1,12,0,9,0,7,5,1,0,0,16,8,4,1,9,6,0,4,1,0,2,0,9,8
11/27/21,22,5,118,3,81,8,199,1,34,0,24,23,18,66,0,0,15,2,0,4,37,13,1,13,1,11,0,3,5,2,2,0,16,7,4,2,15,12,0,4,0,0,2,1,9,8
11/27/21,21,9,113,9,78,18,191,4,33,1,24,20,21,66,0,0,15,1,0,4,36,13,0,12,0,11,1,1,5,2,2,0,17,1,8,5,23,18,0,3,1,0,2,0,9,8
11/27/21,20,7,104,3,69,10,173,2,29,1,22,17,22,65,0,0,11,1,0,3,36,13,0,12,1,11,0,3,3,1,2,0,18,5,5,5,17,15,0,2,1,0,0,1,8,8
11/27/21,19,6,97,3,66,9,163,0,27,0,21,15,23,69,0,0,10,0,0,3,37,13,0,11,2,13,0,3,4,1,2,1,20,9,5,4,17,15,0,1,1,0,0,1,8,8
11/27/21,18,6,91,5,63,11,154,3,27,0,19,14,22,70,0,0,9,0,0,4,36,13,1,11,3,12,0,1,2,1,1,0,22,10,5,4,16,13,0,3,1,1,1,1,8,8
11/27/21,17,8,85,4,58,12,143,2,24,1,17,12,22,65,0,0,9,0,0,4,38,13,1,12,4,13,2,2,1,1,1,0,15,4,5,3,21,20,0,2,1,1,1,1,8,8
11/27/21,16,8,77,4,54,12,131,3,22,0,14,10,21,71,0,0,7,0,0,5,38,14,0,12,2,12,2,5,0,1,2,0,20,8,6,6,19,18,0,3,3,0,1,0,8,8
11/27/21,15,8,69,4,50,12,119,1,19,1,13,9,20,78,0,0,7,0,0,3,44,16,1,14,4,14,1,8,0,0,0,0,23,8,6,8,13,11,0,5,2,0,0,0,8,8
11/27/21,14,7,61,5,46,12,107,3,18,0,12,10,19,77,0,0,7,0,0,4,45,17,1,12,2,16,0,9,0,0,0,0,20,6,5,6,14,11,0,2,3,1,0,2,8,8
11/27/21,13,9,54,11,41,20,95,1,15,0,12,5,25,79,0,0,6,0,0,5,44,14,0,14,0,16,1,10,0,0,1,0,21,6,7,5,13,13,0,5,2,1,0,0,9,8
11/27/21,12,10,45,6,30,16,75,1,14,0,12,4,26,79,0,0,4,0,0,5,44,14,2,14,1,16,0,12,0,1,1,0,20,7,9,3,4,1,0,1,3,1,0,0,10,8
11/27/21,11,8,35,4,24,12,59,3,13,0,10,3,25,75,0,0,1,0,0,5,42,13,1,13,2,16,0,14,0,1,1,0,18,3,8,5,4,3,0,2,3,0,0,0,10,8
11/27/21,10,7,27,4,20,11,47,1,10,0,10,3,25,68,0,0,1,0,0,4,40,13,1,12,1,15,0,13,0,1,1,0,14,2,8,4,7,4,0,2,3,0,0,0,10,8
11/27/21,9,5,20,8,16,13,36,2,9,1,10,3,25,67,0,0,1,0,0,3,39,12,0,12,1,15,0,10,0,1,1,0,15,3,8,1,8,7,0,4,3,0,0,0,10,8
11/27/21,8,4,15,2,8,6,23,2,7,1,10,2,26,68,0,0,1,0,0,5,36,12,0,10,0,14,0,10,0,0,3,0,17,8,9,1,3,3,0,2,3,0,0,2,10,8
11/27/21,7,2,11,2,6,4,17,0,5,0,8,2,24,61,0,0,1,0,0,4,39,14,0,11,0,14,0,10,0,0,2,0,8,0,8,0,10,10,0,0,3,1,0,2,10,8
11/27/21,6,2,9,0,4,2,13,0,5,0,7,2,23,62,0,0,1,0,1,5,39,15,0,12,0,12,0,9,0,0,2,0,8,0,7,2,8,8,0,0,1,1,0,1,10,8
11/27/21,5,3,7,0,4,3,11,1,5,0,6,2,22,62,0,0,1,0,1,4,39,14,0,12,0,13,1,10,1,2,3,0,9,0,7,7,11,7,1,0,1,0,0,1,10,8
11/27/21,4,0,4,0,4,0,8,0,4,0,5,2,21,64,0,0,1,0,1,4,40,14,0,12,0,14,1,9,1,2,3,0,10,1,6,4,16,12,1,0,1,0,0,1,10,7
11/27/21,3,1,4,0,4,1,8,1,4,0,3,1,20,65,0,0,1,0,1,4,41,15,0,13,0,13,1,14,2,2,4,0,10,1,5,4,16,13,1,0,1,0,0,1,10,7
11/27/21,2,2,3,0,4,2,7,1,3,0,2,1,19,64,0,0,1,0,1,4,40,16,0,14,0,10,0,10,2,0,4,0,10,2,5,5,17,14,1,0,1,0,0,0,10,7
11/27/21,1,1,1,4,4,5,5,2,2,0,2,1,19,67,0,0,0,0,1,3,44,18,0,14,3,12,0,10,2,0,3,0,10,2,5,4,20,20,1,0,0,0,0,0,10,7
11/26/21,24,6,127,1,126,7,253,2,36,0,40,39,18,73,0,0,11,21,1,4,45,19,1,13,4,13,1,9,2,0,3,1,11,3,6,4,18,16,1,0,3,0,2,1,12,7
11/26/21,23,4,121,6,125,10,246,2,34,1,38,37,18,69,0,0,11,19,0,3,41,18,3,11,2,12,0,5,1,0,2,0,13,1,8,5,18,14,0,3,4,0,2,2,12,6
11/26/21,22,4,117,1,119,5,236,2,32,0,36,36,17,72,0,0,11,19,0,4,41,15,0,11,1,15,2,8,1,2,3,0,14,4,7,5,21,16,0,2,3,1,2,5,13,5
11/26/21,21,1,113,3,118,4,231,1,30,0,34,33,18,81,0,0,11,19,0,4,43,17,2,11,0,15,2,8,1,2,2,0,22,6,10,6,23,17,0,3,0,1,2,3,12,5
11/26/21,20,9,112,4,115,13,227,0,29,0,32,30,19,81,0,0,11,19,0,5,45,18,2,14,2,13,2,6,0,4,4,3,17,4,8,5,26,19,0,3,1,1,2,0,11,5
11/26/21,19,3,103,9,111,12,214,0,29,0,30,27,21,85,2,2,10,18,2,5,50,19,1,16,2,15,2,5,0,4,4,3,17,6,7,4,26,20,0,3,0,0,2,1,8,4
11/26/21,18,6,100,6,102,12,202,4,29,0,26,28,16,84,5,4,10,15,6,6,46,18,2,15,1,13,1,5,0,3,2,2,18,5,5,5,18,17,2,5,2,0,3,0,7,4
11/26/21,17,6,94,7,96,13,190,4,25,0,24,23,19,92,4,4,10,12,7,5,54,21,1,17,2,16,2,7,1,5,5,0,22,6,8,4,18,17,1,5,2,0,1,1,7,4
11/26/21,16,9,88,6,89,15,177,3,21,2,23,20,21,92,3,3,10,6,10,5,54,20,2,18,3,16,3,7,1,3,4,0,24,12,10,5,13,12,1,4,6,1,2,1,6,4
11/26/21,15,9,79,6,83,15,162,2,18,0,23,0,25,85,0,0,10,6,12,5,52,19,3,15,1,18,2,8,1,4,4,0,22,9,9,4,17,14,2,4,6,1,1,0,6,5
11/26/21,14,8,70,9,77,17,147,3,16,1,20,15,24,88,0,0,10,6,12,6,47,16,1,15,3,16,2,7,0,5,5,0,28,9,11,8,11,8,5,6,7,0,1,0,7,5
11/26/21,13,7,62,12,68,19,130,1,13,0,17,9,27,79,0,0,9,5,8,4,46,17,1,12,0,17,2,10,0,5,6,0,22,5,12,9,19,17,3,9,8,0,1,1,7,2
11/26/21,12,9,55,14,56,23,111,2,12,0,15,9,25,76,2,2,8,0,8,3,47,18,1,12,1,17,3,14,0,4,7,0,16,0,13,9,19,13,3,3,10,0,0,0,8,2
11/26/21,11,11,46,11,42,22,88,3,10,0,14,6,27,76,0,0,8,0,4,3,46,16,0,14,2,16,2,21,0,2,7,0,19,0,12,9,11,6,4,4,6,0,0,0,8,1
11/26/21,10,8,35,10,31,18,66,2,7,0,13,6,27,73,0,0,6,0,1,5,41,16,1,11,0,14,3,19,0,2,4,0,19,1,12,6,11,7,0,3,5,0,0,2,8,2
11/26/21,9,4,27,9,21,13,48,0,5,0,11,4,28,73,0,0,4,0,0,4,41,16,0,12,0,13,1,20,1,2,2,0,22,4,11,3,11,7,0,4,6,0,0,4,6,2
11/26/21,8,7,23,5,12,12,35,1,5,0,10,4,27,70,0,0,3,0,0,4,39,15,1,11,1,13,1,19,1,0,2,0,21,7,12,1,9,9,0,1,7,0,0,4,6,2
11/26/21,7,2,16,2,7,4,23,0,4,0,10,4,27,62,0,0,3,0,0,4,37,14,0,10,0,13,0,19,1,0,2,0,15,0,14,3,13,13,0,0,6,0,0,5,6,2
11/26/21,6,4,14,0,5,4,19,1,4,0,9,4,26,69,0,0,2,0,0,4,40,16,0,12,0,12,0,20,1,1,2,0,19,1,12,7,11,10,0,0,5,0,0,4,6,2
11/26/21,5,3,10,2,5,5,15,1,3,0,8,4,25,65,0,0,2,0,0,4,38,15,0,11,0,12,0,16,0,0,2,0,17,1,9,6,9,7,0,0,6,0,0,2,6,2
11/26/21,4,1,7,2,3,3,10,1,2,0,8,4,25,67,0,0,1,0,0,4,39,15,0,11,0,13,0,16,0,1,1,0,18,3,9,5,9,7,0,2,6,0,0,2,6,2
11/26/21,3,2,6,0,1,2,7,0,1,0,7,2,26,70,0,0,1,0,0,4,42,16,0,11,1,15,0,12,0,0,2,0,17,5,8,6,11,9,0,1,6,0,0,2,7,2
11/26/21,2,3,4,0,1,3,5,0,1,0,4,2,23,68,0,0,1,0,0,4,41,15,0,11,1,15,3,10,0,0,6,0,16,5,8,5,12,11,0,1,3,0,0,2,7,2
11/26/21,1,1,1,1,1,2,2,1,1,0,1,2,20,70,0,0,1,0,0,4,43,18,1,12,2,13,2,6,0,0,4,0,17,5,8,3,13,11,0,1,1,0,0,2,6,2
11/25/21,24,4,133,2,118,6,251,2,37,0,37,29,21,75,0,0,11,18,0,4,47,18,2,14,3,15,2,4,0,0,3,0,19,7,8,3,13,13,0,1,3,0,0,3,5,2
11/25/21,23,4,129,1,116,5,245,3,35,0,35,29,19,81,0,0,11,18,0,5,50,20,5,15,3,15,2,7,0,1,1,0,20,6,9,4,12,10,0,1,4,0,0,3,6,2
11/25/21,22,7,125,7,115,14,240,2,32,0,34,28,19,82,4,4,11,16,0,5,45,17,1,15,4,13,1,7,1,0,3,0,22,6,10,3,15,11,0,5,3,1,0,1,6,2
11/25/21,21,6,118,3,108,9,226,1,30,0,32,27,19,83,5,5,11,16,0,4,43,18,2,15,1,10,1,6,1,1,4,0,23,6,12,4,12,10,0,4,3,1,0,0,8,2
11/25/21,20,9,112,6,105,15,217,4,29,0,32,27,19,84,3,3,11,16,1,3,51,21,2,17,1,13,3,5,1,1,5,1,18,0,12,6,18,13,0,3,4,0,0,1,8,2
11/25/21,19,8,103,6,99,14,202,1,25,0,29,23,20,86,3,3,11,15,5,3,55,21,3,17,0,17,2,3,1,1,4,2,17,1,9,5,13,11,0,1,3,0,0,4,6,2
11/25/21,18,6,95,4,93,10,188,4,24,0,28,21,21,92,5,5,11,15,5,5,53,21,4,16,0,16,0,4,1,2,5,2,20,1,8,10,9,4,1,2,2,0,0,4,7,2
11/25/21,17,4,89,4,89,8,178,1,20,0,26,16,24,92,4,4,11,15,10,5,54,20,2,18,0,16,1,7,0,0,6,4,20,1,8,8,5,2,1,3,3,0,0,4,5,3
11/25/21,16,12,85,5,85,17,170,3,19,3,18,13,19,100,6,5,11,11,12,4,55,21,2,17,0,17,1,10,0,1,6,5,25,5,8,12,8,6,4,3,8,0,5,3,5,2
11/25/21,15,8,73,6,80,14,153,1,16,0,12,12,14,91,5,5,9,8,11,2,51,19,1,15,0,17,1,10,1,7,4,6,22,4,10,10,9,5,4,2,8,0,5,4,5,1
11/25/21,14,8,65,12,74,20,139,3,15,0,10,9,15,87,2,2,8,8,10,1,52,19,0,15,0,18,3,17,1,7,3,5,22,5,11,7,12,8,3,3,7,0,0,2,5,0
11/25/21,13,8,57,8,62,16,119,1,12,0,10,8,17,78,6,6,7,7,8,2,49,17,1,16,0,16,1,13,3,0,2,3,13,0,11,5,24,17,3,1,7,0,0,3,5,1
11/25/21,12,14,49,11,54,25,103,1,11,0,7,7,17,86,6,6,6,5,3,3,53,20,2,15,0,18,0,20,3,0,1,0,18,0,13,5,23,21,0,1,4,0,0,2,6,3
11/25/21,11,9,35,12,43,21,78,3,10,0,7,5,19,79,1,1,6,4,2,2,50,19,2,13,0,18,1,22,3,0,0,0,19,2,12,4,15,11,2,0,3,0,0,2,7,3
11/25/21,10,9,26,12,31,21,57,3,7,2,7,6,19,71,0,0,4,3,0,2,46,16,1,12,0,18,1,21,2,0,0,0,15,0,13,1,16,11,0,2,4,0,0,0,8,4
11/25/21,9,6,17,9,19,15,36,1,4,0,7,0,20,72,0,0,3,0,0,3,44,16,1,12,0,16,1,17,2,0,2,0,17,0,14,2,3,2,0,2,5,0,0,0,8,4
11/25/21,8,1,11,3,10,4,21,0,3,0,7,5,20,72,0,0,3,0,0,3,44,15,1,12,0,17,0,14,2,0,2,0,19,2,14,5,3,3,0,2,3,0,0,1,6,4
11/25/21,6,4,10,3,7,7,17,1,3,1,4,4,18,71,0,0,3,0,0,4,44,15,1,13,0,16,0,15,1,0,1,0,17,0,13,4,3,1,0,1,3,0,0,0,6,4
11/25/21,4,0,6,0,4,0,10,0,2,0,3,4,17,71,0,0,3,0,0,3,45,16,1,14,1,15,0,13,1,0,2,0,17,3,8,7,5,4,0,1,2,0,0,0,6,4
11/25/21,3,4,6,2,4,6,10,1,2,0,4,4,19,73,0,0,3,0,0,4,46,17,2,13,0,16,0,11,1,0,1,0,17,7,8,2,6,3,0,1,2,0,0,0,6,4
11/25/21,1,2,2,2,2,4,4,1,1,0,3,0,22,78,0,0,0,0,0,4,50,18,4,17,2,15,2,7,0,0,1,0,18,7,6,8,6,5,0,2,0,0,0,1,6,4
11/24/21,24,5,130,1,120,6,250,2,39,0,40,32,19,80,0,0,8,31,0,5,50,16,4,18,2,16,2,5,2,2,1,0,19,7,5,7,8,5,0,1,0,0,0,0,6,3
11/24/21,23,8,125,2,119,10,244,3,37,0,37,30,18,73,0,0,8,31,0,4,47,15,3,18,3,14,3,5,2,2,1,0,17,5,6,5,9,8,0,1,2,0,0,1,5,2
11/24/21,22,3,117,3,117,6,234,1,34,0,37,28,20,79,1,1,8,29,0,3,46,15,3,16,2,15,3,3,3,3,2,0,22,7,6,9,9,9,0,1,4,0,0,0,7,2
11/24/21,21,10,114,1,114,11,228,1,33,0,35,26,20,82,2,2,8,29,0,4,50,18,3,18,0,14,5,2,1,2,2,0,21,10,6,6,15,11,0,2,4,0,0,0,5,2
11/24/21,20,9,104,4,113,13,217,4,32,0,33,23,19,80,0,0,8,29,0,3,52,20,2,17,1,15,4,3,0,2,2,0,19,11,4,7,18,14,0,3,5,0,0,0,6,2
11/24/21,19,5,95,7,109,12,204,3,28,0,30,23,19,79,0,0,8,23,5,3,50,18,2,17,1,15,4,3,0,1,2,0,20,8,7,5,16,12,2,6,5,0,0,0,6,2
11/24/21,18,7,90,5,102,12,192,3,25,1,28,20,20,80,2,2,7,20,4,3,48,19,3,16,0,13,3,5,0,3,3,1,20,7,8,4,21,17,0,8,6,0,0,0,6,2
11/24/21,17,9,83,6,97,15,180,1,22,0,26,17,22,83,1,1,7,15,8,5,48,19,3,16,1,13,4,5,0,1,1,0,23,9,10,3,21,17,3,5,7,0,0,1,6,2
11/24/21,16,10,74,6,91,16,165,3,21,1,22,15,20,84,4,4,5,10,12,4,49,18,0,17,1,14,0,9,0,1,4,0,22,8,12,3,22,19,4,4,3,0,0,4,5,2
11/24/21,15,7,64,6,85,13,149,2,18,1,21,12,24,84,3,3,5,8,12,4,53,20,1,16,0,17,0,9,0,3,4,0,19,4,12,4,22,18,5,4,7,0,0,8,5,2
11/24/21,14,11,57,4,79,15,136,2,16,1,19,8,27,81,1,1,5,7,13,3,52,19,1,15,2,18,1,9,0,1,4,0,19,5,10,8,19,14,8,2,8,0,0,6,6,3
11/24/21,13,6,46,11,75,17,121,2,14,0,17,8,25,74,0,0,5,4,12,3,50,17,0,16,2,17,1,8,0,0,3,0,15,1,10,8,22,19,8,4,6,0,0,2,6,3
11/24/21,12,3,40,13,64,16,104,1,12,0,13,5,24,76,0,0,5,3,9,3,49,18,0,13,1,18,1,12,0,1,2,0,17,1,10,12,19,14,8,7,5,0,0,1,7,4
11/24/21,11,9,37,12,51,21,88,3,11,0,9,5,21,75,0,0,3,1,3,3,46,16,1,12,0,18,2,16,0,0,2,0,20,4,9,12,21,15,3,5,8,0,0,2,6,4
11/24/21,10,7,28,11,39,18,67,1,8,0,8,3,22,68,0,0,2,0,1,3,42,14,1,12,0,16,0,16,0,0,1,0,17,1,9,8,19,14,0,5,7,0,0,0,6,4
11/24/21,9,5,21,10,28,15,49,0,7,1,7,3,22,64,0,0,1,0,0,2,40,14,0,13,1,13,0,15,0,0,1,0,15,0,8,4,17,15,0,4,7,0,0,0,7,5
11/24/21,8,4,16,10,18,14,34,3,7,0,7,3,22,65,0,0,1,0,0,2,39,13,0,13,0,13,0,15,0,0,1,0,18,6,7,5,12,11,0,2,6,0,0,0,6,5
11/24/21,7,2,12,2,8,4,20,0,4,0,7,3,22,58,0,0,0,0,0,2,39,13,0,13,0,13,0,13,0,0,1,0,11,0,7,6,8,6,0,1,6,0,0,0,6,5
11/24/21,6,3,10,0,6,3,16,0,4,0,7,3,22,60,0,0,0,0,0,3,40,13,0,14,0,13,1,11,0,0,1,0,11,0,7,5,6,5,0,1,4,0,0,3,6,5
11/24/21,5,1,7,2,6,3,13,1,4,0,4,3,19,60,0,0,0,0,0,3,41,13,1,14,0,14,1,15,0,0,1,0,10,0,6,5,5,5,0,1,4,0,0,3,6,5
11/24/21,4,3,6,2,4,5,10,1,3,0,4,3,19,60,0,0,0,0,0,2,40,12,0,15,1,13,0,14,0,0,1,0,13,3,6,9,8,7,0,1,3,0,1,3,5,5
11/24/21,3,0,3,0,2,0,5,0,2,0,4,2,20,60,0,0,0,0,0,2,40,12,0,15,1,13,1,12,0,0,1,0,13,4,6,6,10,8,0,1,1,0,1,5,5,5
11/24/21,2,2,3,0,2,2,5,1,2,1,1,2,17,63,0,0,0,0,0,3,42,14,0,15,1,13,1,11,0,0,1,0,13,5,5,4,16,14,0,1,1,0,2,5,5,5
11/24/21,1,1,1,2,2,3,3,1,1,0,1,1,18,64,0,0,0,0,0,3,42,14,2,14,1,14,0,10,0,0,3,0,14,5,6,4,16,16,0,1,2,0,0,0,5,5
11/23/21,24,4,129,1,111,5,240,2,38,0,31,27,18,71,0,0,16,8,0,2,44,13,1,15,0,16,0,9,0,0,3,0,20,6,6,8,16,16,0,2,0,0,0,2,5,5
11/23/21,23,3,125,4,110,7,235,1,36,0,29,27,16,71,0,0,16,8,1,0,47,14,1,16,1,17,2,10,1,0,2,0,19,7,6,3,18,16,0,2,0,0,0,2,5,4
11/23/21,22,3,122,3,106,6,228,2,35,0,28,27,15,73,0,0,15,8,1,0,46,16,0,16,3,14,0,8,1,0,2,0,22,9,8,3,16,13,0,1,1,0,0,4,5,4
11/23/21,21,2,119,7,103,9,222,1,33,0,26,25,15,84,0,0,15,8,1,2,52,20,3,17,5,15,0,8,1,1,1,0,23,11,6,7,19,14,0,1,2,0,0,3,7,4
11/23/21,20,9,117,4,96,13,213,1,32,0,23,22,14,87,1,1,14,8,1,2,54,21,4,17,4,16,0,10,1,2,3,0,23,9,9,9,16,15,0,3,2,0,0,3,7,3
11/23/21,19,5,108,5,92,10,200,1,31,0,23,21,16,87,4,4,12,8,6,2,51,19,3,16,2,16,0,8,0,4,5,4,19,7,5,7,14,11,0,3,3,0,0,3,7,3
11/23/21,18,7,103,2,87,9,190,0,30,1,23,20,17,91,6,5,11,8,9,4,47,17,3,15,3,15,0,11,0,3,3,7,19,7,7,5,15,11,4,4,1,0,1,7,8,4
11/23/21,17,10,96,8,85,18,181,4,30,0,21,19,16,94,12,12,10,8,12,3,48,18,0,14,0,16,0,13,0,8,3,6,17,5,5,5,17,15,7,4,0,0,0,3,8,4
11/23/21,16,9,86,7,77,16,163,4,26,1,19,14,19,102,6,6,10,8,13,4,54,20,0,17,1,17,1,11,0,8,5,5,23,9,7,6,15,13,6,1,2,0,0,2,10,4
11/23/21,15,9,77,9,70,18,147,4,22,0,19,10,24,95,3,3,8,8,13,5,52,18,0,18,1,16,2,11,1,5,5,5,21,8,7,3,15,13,6,1,6,0,2,2,9,4
11/23/21,14,9,68,9,61,18,129,2,18,1,17,8,25,92,3,3,8,7,9,3,56,21,2,17,1,18,0,10,1,6,4,4,19,11,6,4,13,11,2,2,6,0,0,0,7,4
11/23/21,13,8,59,9,52,17,111,4,16,0,14,6,24,94,1,1,6,5,9,2,55,20,4,17,2,18,0,11,2,3,3,6,23,12,7,5,9,7,1,3,7,0,0,1,7,4
11/23/21,12,10,51,12,43,22,94,1,12,0,14,6,26,92,0,0,3,4,0,2,53,19,0,17,1,17,0,14,2,3,1,6,24,13,8,9,17,13,0,1,10,0,0,1,7,4
11/23/21,11,7,41,10,31,17,72,1,11,1,12,4,26,85,0,0,2,3,0,4,52,18,1,17,1,17,0,22,2,5,0,5,18,8,5,8,14,8,0,2,5,0,0,0,6,4
11/23/21,10,10,34,6,21,16,55,3,10,0,12,4,26,79,0,0,2,1,0,3,52,20,2,16,1,16,0,17,2,2,1,4,15,5,5,3,11,5,0,4,5,0,0,0,5,4
11/23/21,9,3,24,5,15,8,39,0,7,0,10,3,26,73,0,0,1,1,0,3,47,17,0,15,0,15,0,14,2,2,1,5,13,2,5,2,8,5,0,3,4,0,0,0,5,5
11/23/21,8,2,21,2,10,4,31,0,7,0,9,3,25,66,0,0,1,0,0,3,47,17,0,15,1,15,0,14,2,1,1,4,7,0,6,1,18,12,0,5,4,0,0,0,5,5
11/23/21,7,3,19,1,8,4,27,0,7,0,8,3,24,66,0,0,1,0,0,3,52,20,0,15,0,17,0,14,2,1,1,0,6,0,5,1,14,11,0,5,4,0,0,0,5,5
11/23/21,6,0,16,1,7,1,23,0,7,1,7,2,23,66,0,0,1,0,0,4,51,20,0,14,1,17,0,15,2,3,1,0,6,0,5,1,12,10,0,3,4,0,0,1,5,5
11/23/21,5,2,16,0,6,2,22,1,7,0,6,2,23,69,0,0,1,0,0,5,52,20,2,16,1,16,2,14,3,0,2,0,7,0,5,2,12,12,0,3,4,0,0,0,5,5
11/23/21,4,1,14,1,6,2,20,1,6,0,4,2,21,68,0,0,1,0,0,4,52,20,2,16,2,16,2,14,3,0,2,0,7,0,5,0,14,13,0,2,4,0,0,0,5,5
11/23/21,3,0,13,3,5,3,18,0,5,1,3,2,20,70,0,0,1,0,0,4,52,20,4,16,2,16,3,12,3,0,2,0,9,3,6,0,13,13,0,2,4,1,0,0,5,5
11/23/21,2,6,13,1,2,7,15,3,5,0,3,2,20,70,0,0,1,0,0,4,50,20,4,15,3,15,2,10,2,1,2,0,11,3,8,0,11,11,0,1,3,1,0,0,5,5
11/23/21,1,7,7,1,1,8,8,2,2,1,3,2,20,68,1,1,1,0,0,3,48,18,1,15,2,15,2,9,1,1,1,0,11,3,8,1,9,9,0,1,3,1,0,1,5,5
11/22/21,24,2,155,3,105,5,260,1,38,0,34,36,18,72,2,2,17,11,0,3,49,19,1,16,1,14,4,6,1,1,3,0,13,1,11,4,7,7,0,1,3,2,0,0,5,5
11/22/21,23,5,153,1,102,6,255,3,37,0,33,36,17,78,2,2,17,11,0,3,54,21,4,18,1,15,4,2,2,2,4,0,14,0,11,3,5,1,0,2,2,2,0,0,5,5
11/22/21,22,3,148,2,101,5,249,1,34,0,30,35,15,79,2,2,17,11,1,4,51,20,6,16,1,15,3,2,2,2,2,3,13,1,8,2,8,4,1,3,3,2,1,3,6,5
11/22/21,21,5,145,2,99,7,244,4,33,0,29,32,16,86,2,2,17,11,1,5,53,20,5,16,0,17,4,4,0,0,0,3,17,3,8,3,10,7,0,6,2,1,1,2,6,5
11/22/21,20,5,140,11,97,16,237,2,29,2,28,31,17,86,1,1,17,11,1,5,53,20,3,16,3,17,7,4,0,1,0,3,19,6,6,5,8,7,1,9,3,1,2,2,5,5
11/22/21,19,10,135,5,86,15,221,1,27,1,27,28,19,90,3,3,15,10,1,5,53,21,4,16,7,16,5,5,0,4,0,4,17,1,6,4,10,9,0,3,2,1,0,1,8,6
11/22/21,18,8,125,4,81,12,206,2,26,1,26,28,18,87,7,7,12,7,4,5,48,18,5,14,2,16,4,9,0,3,1,5,14,3,4,4,8,7,0,3,4,0,0,1,8,6
11/22/21,17,4,117,8,77,12,194,0,24,1,25,26,20,93,9,9,11,4,7,5,49,19,2,16,2,14,3,10,1,1,1,5,17,7,5,3,6,5,3,4,2,0,0,1,8,6
11/22/21,16,14,113,3,69,17,182,5,24,0,22,19,24,103,9,9,8,1,7,3,52,20,3,17,2,15,2,11,1,2,1,5,26,15,7,3,7,6,2,2,3,1,1,2,8,6
11/22/21,15,14,99,3,66,17,165,0,19,0,19,16,24,90,6,6,7,0,9,4,49,19,3,16,4,14,1,7,1,2,2,5,18,7,5,5,14,11,6,3,3,0,2,2,8,5
11/22/21,14,11,85,9,63,20,148,1,19,0,14,16,21,95,9,8,6,0,9,3,52,19,1,16,5,17,1,6,0,2,2,0,23,9,4,5,9,8,6,3,0,0,1,0,8,6
11/22/21,13,11,74,7,54,18,128,2,18,0,12,9,25,92,6,5,6,0,10,2,52,21,2,15,3,16,0,7,0,2,3,0,24,11,5,5,5,4,7,2,1,0,1,1,8,5
11/22/21,12,14,63,9,47,23,110,3,16,0,11,7,27,85,2,2,4,0,6,3,55,19,4,17,2,19,1,6,0,0,3,0,18,4,5,7,15,13,5,2,1,0,1,2,7,5
11/22/21,11,12,49,8,38,20,87,3,13,0,7,5,25,76,0,0,4,0,1,3,52,17,2,17,3,18,1,10,0,0,2,0,14,8,3,4,8,6,1,1,1,1,1,0,7,5
11/22/21,10,11,37,9,30,20,67,1,10,2,6,5,25,62,0,0,3,0,0,4,45,14,1,14,1,17,1,12,0,0,4,0,7,0,3,6,13,9,0,4,1,1,0,0,6,5
11/22/21,9,7,26,4,21,11,47,1,9,0,6,6,24,54,0,0,3,0,0,3,42,13,1,13,1,16,2,12,0,0,3,0,3,0,3,1,10,6,0,1,1,1,0,0,6,5
11/22/21,8,8,19,7,17,15,36,2,8,0,5,5,24,53,0,0,3,0,0,4,40,13,1,12,0,15,1,11,0,0,2,0,3,0,3,1,9,9,0,1,1,0,0,0,6,5
11/22/21,7,1,11,2,10,3,21,1,6,0,4,5,23,49,0,0,2,0,0,1,39,13,0,12,0,14,0,11,0,0,2,0,3,0,3,1,2,2,0,0,1,0,0,0,6,5
11/22/21,6,1,10,1,8,2,18,0,5,0,3,3,24,50,0,0,2,0,0,2,38,13,0,11,0,14,0,7,0,0,2,0,4,0,4,2,0,0,0,0,3,0,0,0,6,5
11/22/21,5,2,9,0,7,2,16,0,5,0,3,2,25,50,0,0,1,0,0,2,37,13,1,10,0,14,0,7,0,0,2,0,5,0,5,2,1,0,0,0,4,0,0,0,6,5
11/22/21,4,0,7,1,7,1,14,1,5,0,3,2,25,54,0,0,1,0,0,2,38,12,0,12,0,14,0,7,0,1,2,0,8,0,6,2,3,3,0,0,4,0,0,1,6,5
11/22/21,3,1,7,0,6,1,13,0,4,0,2,1,25,55,0,0,1,0,0,2,37,12,3,11,0,14,1,8,0,0,1,0,10,0,6,4,7,2,0,0,4,0,0,1,6,5
11/22/21,2,4,6,3,6,7,12,3,4,0,2,1,25,55,0,0,0,0,0,2,37,13,2,11,0,13,1,8,0,0,2,0,10,0,6,5,7,5,0,1,3,0,0,0,6,5
11/22/21,1,2,2,3,3,5,5,1,1,0,1,1,24,54,0,0,0,0,0,3,33,11,0,10,1,12,0,6,0,0,1,0,12,5,3,5,6,6,0,1,2,0,0,0,6,5
11/21/21,24,1,108,1,86,2,194,0,31,0,39,27,24,54,0,0,9,16,0,2,33,12,0,10,0,11,0,6,2,0,1,0,12,5,2,4,7,6,0,0,2,0,0,0,7,6
11/21/21,23,0,107,3,85,3,192,0,31,0,37,24,25,61,0,0,9,16,0,4,35,12,0,12,0,11,0,6,2,0,2,0,15,8,2,5,7,7,0,0,1,0,0,0,7,5
11/21/21,22,5,107,4,82,9,189,2,31,0,35,23,24,62,0,0,9,16,0,5,35,11,0,12,0,12,0,4,2,0,1,0,16,8,3,6,7,5,0,1,0,0,1,2,6,4
11/21/21,21,7,102,1,78,8,180,4,29,0,35,24,23,67,0,0,8,16,0,4,41,17,0,12,1,12,1,3,0,0,1,0,16,5,3,4,7,5,0,6,1,0,0,2,6,4
11/21/21,20,7,95,6,77,13,172,1,25,0,33,23,22,66,0,0,8,12,0,3,42,17,1,11,0,14,1,3,1,1,3,0,15,5,3,5,8,7,0,6,1,0,0,3,6,4
11/21/21,19,8,88,5,71,13,159,2,24,0,28,23,17,70,0,0,8,10,0,3,47,16,2,13,1,18,0,5,1,1,1,0,14,5,5,6,7,6,0,4,2,0,0,0,6,2
11/21/21,18,9,80,1,66,10,146,4,22,0,26,21,16,74,0,0,8,8,0,3,48,17,4,14,3,17,1,4,1,3,2,0,18,6,8,7,10,7,0,2,3,0,0,0,5,2
11/21/21,17,5,71,3,65,8,136,1,18,1,23,17,17,76,1,1,8,4,0,3,52,19,4,16,1,17,1,6,2,1,2,0,15,5,8,4,16,13,0,2,3,0,0,0,5,2
11/21/21,16,7,66,2,62,9,128,0,17,1,20,11,22,76,1,1,8,1,0,4,52,19,3,16,3,17,0,6,1,0,1,0,14,5,7,3,20,16,0,2,3,0,0,0,5,2
11/21/21,15,9,59,8,60,17,119,5,17,0,18,8,23,77,1,1,8,1,0,3,54,19,4,17,3,18,0,7,1,1,1,0,15,5,8,3,25,20,0,1,5,0,0,2,4,2
11/21/21,14,5,50,9,52,14,102,1,12,1,15,8,20,74,1,1,6,1,0,3,53,19,3,15,0,19,1,11,1,0,2,0,14,1,10,5,26,20,0,1,3,0,0,0,3,2
11/21/21,13,3,45,6,43,9,88,2,11,0,13,4,21,74,0,0,5,0,0,4,52,17,2,16,0,19,1,13,2,0,3,0,15,0,9,5,17,12,0,4,2,0,1,0,3,1
11/21/21,12,3,42,9,37,12,79,1,9,0,12,3,23,82,0,0,5,0,0,4,54,17,1,18,1,19,2,14,2,0,1,0,21,0,11,6,12,11,0,4,4,0,1,1,3,1
11/21/21,11,8,39,8,28,16,67,2,8,1,12,2,24,82,0,0,3,0,0,2,52,17,2,17,3,18,1,14,2,0,2,0,25,2,12,5,6,6,0,2,3,0,1,1,3,1
11/21/21,10,3,31,8,20,11,51,1,6,0,10,2,23,69,0,0,3,0,1,4,44,14,1,14,0,16,1,16,1,1,1,0,18,1,10,4,3,0,1,4,5,0,2,0,3,1
11/21/21,9,4,28,4,12,8,40,1,5,0,10,2,23,71,0,0,1,0,0,4,44,14,1,15,0,15,0,18,1,0,1,0,19,5,6,3,6,6,0,1,4,0,1,0,4,1
11/21/21,8,8,24,1,8,9,32,2,4,0,10,2,23,59,0,0,1,0,0,4,45,15,1,15,2,15,1,15,1,0,1,0,6,0,6,2,17,17,0,1,3,0,1,1,4,1
11/21/21,7,1,16,3,7,4,23,0,2,0,9,2,22,58,0,0,1,0,1,3,44,14,0,16,1,14,2,13,1,0,0,0,7,0,6,3,10,10,0,1,2,1,1,1,4,1
11/21/21,6,2,15,0,4,2,19,1,2,0,8,2,21,60,0,0,1,0,1,3,45,15,2,15,1,15,2,14,0,0,0,0,8,0,6,4,9,8,0,1,2,1,0,1,4,1
11/21/21,5,4,13,1,4,5,17,1,1,0,8,2,21,56,0,0,1,0,1,4,39,13,0,13,0,13,0,13,0,0,0,0,9,0,5,4,11,9,0,1,3,1,0,1,4,1
11/21/21,4,1,9,2,3,3,12,0,0,0,8,2,21,57,0,0,1,0,1,4,40,14,0,13,0,13,0,13,0,0,1,0,9,1,5,3,11,9,1,0,3,1,0,1,4,1
11/21/21,3,3,8,0,1,3,9,0,0,0,6,2,19,57,0,0,0,0,1,3,40,14,1,13,0,13,0,12,1,1,7,0,10,1,6,2,11,11,1,0,4,1,0,2,4,1
11/21/21,2,1,5,0,1,1,6,0,0,0,4,2,18,63,0,0,0,0,0,3,41,13,1,13,0,15,0,14,1,1,5,0,15,3,6,6,10,10,0,1,3,0,0,1,4,1
11/21/21,1,4,4,1,1,5,5,0,0,0,2,2,16,64,0,0,0,0,0,3,42,13,2,14,1,15,1,10,2,0,5,0,15,3,6,6,8,8,0,1,3,0,0,1,4,1
11/20/21,24,6,121,2,90,8,211,3,41,0,35,26,16,62,0,0,16,7,0,3,40,11,0,15,1,14,1,4,2,0,2,0,14,3,6,6,8,7,0,1,1,0,0,1,5,1
11/20/21,23,3,115,4,88,7,203,1,38,0,36,26,17,59,0,0,14,7,0,4,38,11,0,14,1,13,0,2,1,0,1,0,12,3,6,1,10,8,0,0,1,0,0,0,5,1
11/20/21,22,4,112,3,84,7,196,3,37,0,33,24,16,59,0,0,12,7,0,4,36,11,0,12,0,13,1,3,2,0,1,0,15,3,6,1,10,9,0,4,2,0,0,0,4,1
11/20/21,21,4,108,2,81,6,189,0,34,0,30,24,13,57,0,0,12,7,0,4,38,13,2,11,1,14,0,4,2,0,1,0,13,5,4,4,14,10,0,4,1,0,0,0,2,1
11/20/21,20,5,104,2,79,7,183,2,34,1,27,24,10,61,0,0,12,6,0,5,35,13,2,13,0,9,0,6,3,0,1,0,19,5,7,7,14,10,0,4,3,0,0,0,2,1
11/20/21,19,5,99,7,77,12,176,1,32,0,26,24,10,65,0,0,12,5,0,6,36,11,1,15,0,10,1,4,3,0,1,0,21,4,8,7,15,12,0,4,3,0,0,1,2,1
11/20/21,18,8,94,3,70,11,164,5,31,2,25,22,10,67,0,0,12,3,0,5,40,12,2,14,1,14,1,3,2,0,2,0,20,3,7,7,12,10,0,4,3,0,0,1,2,1
11/20/21,17,6,86,6,67,12,153,2,26,1,21,19,10,74,0,0,10,3,0,4,43,15,2,14,1,14,1,4,3,0,3,0,23,5,10,7,15,11,0,4,4,0,0,5,4,0
11/20/21,16,6,80,7,61,13,141,3,24,1,19,17,11,77,0,0,8,0,0,4,45,15,3,14,1,16,2,5,3,0,2,0,24,5,11,7,20,19,0,3,4,0,1,3,4,0
11/20/21,15,3,74,5,54,8,128,2,21,0,16,12,13,73,0,0,7,0,0,4,40,13,1,13,0,14,1,5,3,0,3,0,25,6,9,7,17,15,0,3,5,0,1,0,4,0
11/20/21,14,11,71,7,49,18,120,2,19,2,15,9,15,77,0,0,6,0,0,3,44,18,1,13,2,13,0,5,3,0,3,0,25,7,7,7,17,17,0,6,4,0,0,1,5,0
11/20/21,13,7,60,8,42,15,102,2,17,0,13,6,17,72,0,0,6,0,0,2,45,18,3,12,2,15,1,10,3,0,1,0,20,5,6,7,12,11,0,3,4,0,1,1,5,0
11/20/21,12,10,53,5,34,15,87,4,15,0,10,5,15,63,0,0,5,0,0,2,39,14,0,11,3,14,1,12,3,1,1,0,16,4,6,4,11,9,0,3,3,0,0,0,6,0
11/20/21,11,9,43,6,29,15,72,2,11,1,8,5,14,61,0,0,4,0,0,2,39,14,0,12,1,13,0,12,4,1,1,0,14,3,4,7,9,7,0,4,1,0,0,0,6,0
11/20/21,10,7,34,7,23,14,57,0,9,1,7,5,14,58,0,0,3,0,0,1,38,14,0,11,2,13,0,8,4,1,2,0,13,4,4,4,6,4,0,3,0,0,1,0,6,1
11/20/21,9,6,27,9,16,15,43,1,9,0,7,3,15,54,0,0,2,0,0,1,37,14,0,10,1,13,0,7,4,0,0,0,9,0,3,3,9,9,0,3,0,0,1,0,7,1
11/20/21,8,3,21,2,7,5,28,0,8,0,6,3,15,54,0,0,1,0,0,3,38,14,0,10,2,14,0,7,4,0,0,0,8,0,6,6,11,8,0,4,2,0,1,1,5,1
11/20/21,7,3,18,1,5,4,23,1,8,0,4,3,13,54,0,0,1,0,0,3,38,14,0,9,1,15,0,9,4,2,0,0,8,0,6,6,8,5,0,4,2,0,0,0,5,1
11/20/21,6,2,15,1,4,3,19,0,7,1,3,3,12,55,0,0,1,0,0,3,38,15,1,10,1,13,0,9,5,2,4,0,9,1,5,6,10,5,0,4,1,0,0,2,5,1
11/20/21,5,3,13,0,3,3,16,1,7,0,3,3,12,55,0,0,1,0,0,3,38,15,2,11,1,12,0,7,6,2,5,0,9,1,5,6,10,6,0,3,1,0,0,2,5,1
11/20/21,4,2,10,1,3,3,13,0,6,0,1,2,11,53,0,0,1,0,0,3,36,13,1,12,0,11,0,7,6,1,4,0,9,1,5,6,12,10,0,3,0,1,0,2,5,1
11/20/21,3,3,8,0,2,3,10,1,6,0,1,1,12,54,0,0,1,0,0,4,35,13,1,11,0,11,0,7,3,1,4,0,10,1,5,10,12,12,0,3,1,1,1,2,5,1
11/20/21,2,4,5,1,2,5,7,4,5,0,1,1,12,54,0,0,1,0,0,4,35,13,1,11,2,11,0,6,3,0,4,0,10,1,5,8,12,11,0,2,1,1,1,0,5,1
11/20/21,1,1,1,1,1,2,2,1,1,0,1,1,12,55,0,0,1,0,0,4,35,15,2,11,2,9,0,7,2,1,6,0,11,1,6,7,12,12,0,2,0,0,1,0,5,1
11/19/21,24,5,137,3,122,8,259,3,38,0,32,26,12,58,0,0,9,4,0,5,34,13,1,11,0,10,0,7,2,1,3,0,14,2,6,6,14,13,0,1,2,0,1,0,5,1
11/19/21,23,4,132,2,119,6,251,1,35,0,32,26,12,57,0,0,9,4,0,3,36,13,1,12,0,11,1,6,2,1,1,0,13,4,6,5,16,12,0,0,2,0,0,0,5,1
11/19/21,22,3,128,6,117,9,245,2,34,0,31,21,16,58,0,0,9,2,0,5,36,12,1,13,1,11,0,6,0,1,1,0,10,3,5,4,18,14,0,2,1,0,0,0,7,2
11/19/21,21,5,125,10,111,15,236,2,32,0,28,20,14,65,0,0,8,2,0,4,43,16,1,15,2,12,1,6,0,1,1,0,13,4,6,5,14,11,0,3,0,0,0,0,5,2
11/19/21,20,7,120,5,101,12,221,0,30,0,27,19,14,63,0,0,8,2,0,3,45,17,1,15,3,13,1,4,1,1,5,0,10,0,7,5,14,10,0,3,0,0,1,2,5,2
11/19/21,19,5,113,5,96,10,209,3,30,0,23,18,12,74,0,0,8,2,4,3,50,19,2,15,2,16,0,4,2,3,5,0,15,1,8,5,7,5,0,4,2,0,0,1,6,2
11/19/21,18,5,108,1,91,6,199,0,27,1,22,14,15,72,0,0,7,2,8,4,47,18,2,13,0,16,0,4,1,3,5,0,15,1,10,4,4,0,3,2,2,0,0,1,6,2
11/19/21,17,3,103,5,90,8,193,1,27,0,19,12,15,71,2,2,7,0,12,4,47,17,1,13,0,17,2,3,1,2,4,0,12,0,10,3,6,3,6,2,3,0,3,2,6,2
11/19/21,16,7,100,4,85,11,185,2,26,0,17,10,16,83,4,4,6,0,12,4,51,18,1,14,1,19,1,4,0,4,3,0,19,7,9,6,9,9,5,3,3,0,3,2,5,2
11/19/21,15,10,93,7,81,17,174,1,24,1,14,10,13,87,4,4,6,0,8,3,52,18,3,15,2,19,2,4,0,3,2,0,25,10,11,5,12,10,2,3,5,0,4,2,3,2
11/19/21,14,13,83,4,74,17,157,4,23,0,13,8,14,76,0,0,6,0,9,3,49,17,2,15,2,17,2,5,0,0,2,0,21,9,7,8,10,7,3,3,4,0,1,5,3,2
11/19/21,13,11,70,6,70,17,140,2,19,0,10,8,11,60,0,0,6,0,10,2,45,15,1,11,1,19,3,5,0,1,0,0,11,0,8,8,26,20,6,2,3,0,1,6,2,1
11/19/21,12,9,59,12,64,21,123,3,17,0,8,7,10,60,0,0,3,0,9,2,44,15,2,13,2,16,2,6,0,2,0,0,12,1,6,6,24,19,7,4,3,0,2,2,2,1
11/19/21,11,11,50,17,52,28,102,4,14,0,7,7,10,61,0,0,2,0,3,2,43,14,2,12,2,17,2,9,0,0,1,0,13,2,6,5,21,15,3,6,2,0,1,0,3,2
11/19/21,10,6,39,9,35,15,74,1,10,0,6,6,10,61,0,0,2,0,0,2,42,15,2,12,1,15,0,12,0,0,1,0,13,1,3,4,9,7,0,4,2,0,1,0,4,2
11/19/21,9,8,33,4,26,12,59,3,9,0,4,5,11,57,0,0,1,0,0,3,38,13,0,12,2,13,1,16,0,0,1,0,12,3,2,3,6,5,0,4,2,0,1,0,4,2
11/19/21,8,7,25,4,22,11,47,0,6,1,4,5,11,53,0,0,1,0,0,3,37,14,1,10,1,13,1,16,0,0,1,0,9,4,0,5,8,8,0,2,1,0,0,3,4,2
11/19/21,7,1,18,1,18,2,36,0,6,0,3,4,11,43,0,0,1,0,0,3,34,13,1,9,0,12,1,15,0,0,4,0,2,0,0,5,10,9,0,2,1,0,0,3,4,2
11/19/21,6,3,17,1,17,4,34,0,6,0,3,4,11,42,0,0,1,0,0,3,33,12,0,9,0,12,1,13,0,0,1,0,2,0,0,5,12,11,0,2,0,0,0,0,4,2
11/19/21,5,2,14,2,16,4,30,0,6,0,3,4,11,42,0,0,1,0,0,3,33,12,0,9,0,12,1,13,0,0,1,0,2,0,0,5,9,8,0,2,0,0,0,0,4,2
11/19/21,4,2,12,2,14,4,26,2,6,0,3,4,11,40,0,0,0,0,0,4,31,11,0,9,1,11,0,12,0,0,0,0,1,0,0,2,10,7,0,2,0,0,0,0,4,2
11/19/21,3,3,10,5,12,8,22,1,4,0,2,4,10,42,0,0,0,0,0,4,32,12,0,9,0,11,2,9,0,0,0,0,2,0,0,2,9,8,0,2,1,0,0,0,4,2
11/19/21,2,2,7,5,7,7,14,2,3,0,2,3,10,42,0,0,0,0,2,4,32,11,1,10,0,11,1,7,0,0,0,0,2,1,0,2,8,8,2,1,1,0,0,0,4,2
11/19/21,1,5,5,2,2,7,7,1,1,0,0,2,10,45,0,0,0,0,0,3,34,12,2,10,2,12,1,7,0,0,1,0,5,1,0,2,3,3,0,2,1,0,0,0,3,2
11/18/21,24,5,117,1,112,6,229,3,31,0,33,38,12,42,0,0,22,3,0,2,33,11,1,9,0,13,0,4,0,0,1,0,5,2,0,1,0,0,0,2,0,0,0,2,2,2
11/18/21,23,4,112,0,111,4,223,1,28,0,33,38,13,45,0,0,22,3,0,2,32,11,1,8,0,13,2,3,0,0,2,0,9,3,1,3,1,0,0,1,0,0,0,0,2,2
11/18/21,22,6,108,0,111,6,219,1,27,0,30,36,12,48,0,0,22,3,0,2,33,11,1,9,0,13,0,2,0,0,2,0,9,4,2,2,1,0,0,0,0,0,0,2,4,3
11/18/21,21,5,102,1,111,6,213,1,26,0,29,35,12,55,0,0,21,3,0,3,34,11,1,11,0,12,2,1,1,0,2,0,12,4,2,3,3,1,0,0,0,0,0,0,6,4
11/18/21,20,8,97,6,110,14,207,3,25,0,29,33,14,54,0,0,21,3,0,3,32,9,0,13,0,10,1,2,0,0,1,0,13,0,8,4,9,7,0,1,0,0,0,1,6,4
11/18/21,19,5,89,6,104,11,193,2,22,0,28,31,17,66,0,0,19,3,0,3,40,15,1,14,1,11,2,4,0,0,3,0,16,1,6,4,5,3,0,2,1,0,0,4,7,5
11/18/21,18,5,84,5,98,10,182,0,20,0,27,29,18,71,0,0,19,3,1,3,46,17,0,15,1,14,2,3,0,0,3,0,15,2,4,4,2,2,0,1,0,0,0,1,7,5
11/18/21,17,11,79,2,93,13,172,2,20,0,26,25,21,77,1,1,18,3,5,3,51,18,0,17,2,16,1,5,0,4,3,0,15,6,4,3,4,0,1,1,0,0,0,0,7,5
11/18/21,16,8,68,3,91,11,159,0,18,0,22,20,25,83,2,2,17,3,6,4,52,18,1,17,1,17,1,7,0,4,5,0,18,6,8,5,7,6,2,1,2,0,0,0,7,5
11/18/21,15,5,60,9,88,14,148,1,18,0,19,18,24,81,1,1,16,3,7,6,53,21,1,18,2,14,1,9,1,4,4,0,14,0,9,8,13,11,2,2,2,0,1,2,7,5
11/18/21,14,3,55,10,79,13,134,1,17,0,19,10,32,84,3,3,12,3,5,4,51,20,0,17,1,14,2,7,0,1,1,0,19,4,10,7,14,13,2,2,1,0,1,3,7,7
11/18/21,13,8,52,8,69,16,121,2,16,0,17,7,33,84,5,5,11,2,6,4,49,19,1,17,2,13,1,7,1,0,0,0,19,7,10,6,10,7,3,2,3,0,1,2,7,7
11/18/21,12,9,44,7,61,16,105,1,14,1,12,6,31,80,1,1,9,1,3,4,51,19,5,15,1,17,0,8,2,0,0,0,18,3,9,11,13,9,0,1,5,1,1,2,6,6
11/18/21,11,9,35,12,54,21,89,3,13,0,11,4,31,74,0,0,7,0,3,4,46,15,1,15,2,16,0,9,1,0,0,0,19,4,10,9,12,7,3,3,4,1,0,2,5,5
11/18/21,10,9,26,13,42,22,68,1,10,1,11,4,34,70,0,0,6,0,2,3,45,15,1,15,3,15,1,9,1,0,1,0,12,0,11,5,16,11,2,5,4,1,0,0,10,8
11/18/21,9,5,17,9,29,14,46,3,9,0,8,4,32,66,0,0,4,0,0,3,40,14,0,12,1,14,0,7,1,0,0,0,13,0,9,4,10,9,0,3,4,1,0,0,10,8
11/18/21,8,2,12,9,20,11,32,0,6,0,8,4,32,62,0,0,2,0,0,3,39,13,0,12,0,14,0,8,1,0,0,0,10,0,8,4,11,11,0,3,3,1,0,0,10,8
11/18/21,7,4,10,2,11,6,21,0,6,0,6,4,30,63,0,0,1,0,0,3,41,14,1,13,0,14,0,8,2,0,0,0,10,0,8,4,3,3,0,1,3,1,0,0,9,7
11/18/21,6,2,6,2,9,4,15,1,6,0,6,4,30,63,0,0,0,0,0,3,40,13,1,13,0,14,0,8,2,0,0,0,11,0,7,7,3,1,0,1,3,1,2,0,9,7
11/18/21,5,0,4,1,7,1,11,0,5,0,5,3,30,63,0,0,0,0,0,3,39,12,0,13,0,14,0,7,4,0,0,0,12,0,6,6,5,1,0,0,3,1,0,0,9,7
11/18/21,4,1,4,0,6,1,10,1,5,0,5,3,30,67,0,0,0,0,0,3,39,12,0,13,0,14,0,6,4,1,1,0,16,1,8,6,4,4,0,0,3,1,0,0,9,7
11/18/21,3,0,3,1,6,1,9,0,4,0,4,3,28,67,0,0,0,0,1,3,40,13,0,13,1,14,0,6,5,1,2,0,16,5,6,4,7,4,1,0,3,1,0,0,8,7
11/18/21,2,0,3,2,5,2,8,1,4,0,3,3,27,70,0,0,0,0,0,3,41,13,1,14,1,14,0,6,3,2,1,0,17,6,7,4,7,6,0,1,1,2,0,0,9,6
11/18/21,1,3,3,3,3,6,6,3,3,0,1,3,25,78,0,0,0,0,0,3,43,13,1,15,1,15,0,7,2,2,2,0,23,11,8,6,6,6,0,0,1,1,0,0,9,6
11/17/21,24,4,132,0,100,4,232,2,39,0,46,33,27,75,0,0,20,9,0,3,43,13,1,14,1,16,1,5,1,1,1,0,20,12,7,5,4,3,0,0,1,0,0,2,9,6
11/17/21,23,5,128,1,100,6,228,2,37,1,44,33,25,65,0,0,20,9,0,3,41,12,1,13,1,16,2,3,0,0,0,0,12,5,9,3,14,12,0,1,2,0,0,1,9,6
11/17/21,22,4,123,2,99,6,222,1,35,0,42,31,25,74,0,0,20,9,0,3,40,13,1,14,1,13,1,4,1,0,1,0,21,8,12,4,15,12,0,1,4,0,0,3,10,5
11/17/21,21,6,119,4,97,10,216,3,34,0,40,28,27,79,0,0,20,9,0,5,43,15,2,13,1,15,2,4,2,0,0,0,23,9,11,5,11,6,0,2,2,0,0,3,8,5
11/17/21,20,4,113,7,93,11,206,3,31,1,40,28,27,77,1,1,19,9,0,5,44,15,2,13,1,16,3,2,2,0,1,0,20,5,10,6,9,7,0,2,2,0,0,3,7,5
11/17/21,19,7,109,2,86,9,195,4,28,1,37,27,25,87,4,4,18,9,0,4,48,13,2,17,0,18,1,2,0,0,1,0,24,9,8,8,9,5,0,2,3,0,0,4,7,5
11/17/21,18,10,102,7,84,17,186,4,24,0,35,22,28,84,1,1,18,8,1,3,51,15,2,18,0,18,3,2,0,0,1,1,22,8,7,8,13,9,0,3,2,0,0,5,6,5
11/17/21,17,10,92,5,77,15,169,3,20,2,31,19,27,77,2,2,17,5,3,5,47,14,0,17,0,16,0,2,2,0,2,1,16,1,8,9,14,12,1,4,3,0,0,1,6,5
11/17/21,16,8,82,5,72,13,154,2,17,0,29,19,25,80,0,0,17,1,5,6,45,14,0,15,0,16,0,4,2,0,3,3,20,6,8,7,13,11,2,0,4,1,0,1,6,5
11/17/21,15,4,74,10,67,14,141,0,15,0,28,18,25,80,0,0,16,0,2,4,46,16,2,15,3,15,0,5,3,0,1,3,21,7,8,7,12,10,0,1,2,1,2,8,6,5
11/17/21,14,10,70,6,57,16,127,2,15,0,24,16,25,85,0,0,15,0,3,5,50,18,2,17,3,15,1,7,1,0,2,6,17,4,7,10,11,8,1,1,2,3,0,6,7,7
11/17/21,13,9,60,6,51,15,111,2,13,0,21,13,25,88,0,0,14,0,3,4,52,20,6,17,1,15,2,7,3,1,1,5,20,5,7,11,12,7,0,3,3,2,0,1,7,7
11/17/21,12,10,51,11,45,21,96,1,11,0,21,10,28,82,1,1,13,0,3,3,50,17,3,17,1,16,0,6,3,1,1,5,16,3,6,9,13,9,1,3,3,1,0,0,7,7
11/17/21,11,8,41,12,34,20,75,2,10,0,15,5,27,80,0,0,10,0,0,3,49,17,1,16,2,16,3,8,2,1,1,5,16,5,5,9,7,7,0,4,4,1,0,1,7,7
11/17/21,10,10,33,7,22,17,55,3,8,0,14,4,27,72,0,0,8,0,0,4,50,17,2,16,1,17,2,12,3,1,2,4,7,0,4,4,10,5,0,1,4,0,0,0,7,7
11/17/21,9,2,23,5,15,7,38,1,5,0,7,1,25,74,1,1,5,0,0,3,55,20,4,18,2,17,0,16,3,1,2,0,7,0,3,2,5,2,0,0,2,0,0,1,8,8
11/17/21,8,9,21,4,10,13,31,1,4,0,7,1,25,72,0,0,2,0,0,3,51,18,2,16,1,17,2,16,3,1,2,0,10,5,2,3,4,4,0,0,1,0,0,1,8,8
11/17/21,7,5,12,1,6,6,18,1,3,0,7,1,25,64,0,0,1,0,0,3,48,16,1,16,1,16,1,13,4,1,2,0,5,0,2,7,3,3,0,0,1,0,0,1,8,8
11/17/21,6,1,7,2,5,3,12,0,2,0,7,1,25,62,0,0,1,0,0,4,45,16,0,15,0,14,0,13,4,1,2,0,5,0,2,8,4,2,0,0,1,0,0,0,8,8
11/17/21,5,1,6,0,3,1,9,0,2,0,7,1,25,61,0,0,0,0,0,4,44,16,0,15,1,13,0,13,4,0,2,0,5,0,2,7,3,1,0,1,0,0,0,0,8,8
11/17/21,4,3,5,0,3,3,8,0,2,0,4,1,22,61,0,0,0,0,0,4,43,15,0,15,1,13,0,13,2,0,3,0,6,0,2,4,5,3,0,2,0,0,0,0,8,7
11/17/21,3,0,2,1,3,1,5,0,2,0,4,0,23,62,0,0,0,0,0,4,42,14,0,14,0,14,0,12,2,0,3,0,8,2,2,1,11,8,0,2,0,0,0,0,8,7
11/17/21,2,0,2,0,2,0,4,0,2,0,2,0,21,63,0,0,0,0,0,4,43,14,1,15,0,14,0,10,3,2,5,0,8,4,2,1,10,10,0,2,0,0,0,0,8,7
11/17/21,1,2,2,2,2,4,4,2,2,0,1,0,20,66,0,0,0,0,0,5,43,13,1,15,2,15,1,10,2,2,3,0,10,4,4,3,10,10,0,2,0,0,0,1,8,7
11/16/21,24,2,117,2,123,4,240,1,41,1,37,31,19,70,0,0,15,13,0,4,45,14,3,15,4,16,1,6,1,1,1,0,13,5,6,2,10,8,0,3,0,0,0,1,8,7
11/16/21,23,5,115,4,121,9,236,4,40,0,37,31,19,73,0,0,15,13,0,4,46,16,4,13,3,17,1,6,1,1,0,0,15,5,5,4,13,10,0,2,0,0,0,0,8,7
11/16/21,22,4,110,3,117,7,227,3,36,1,36,28,21,77,0,0,15,13,0,4,46,17,3,14,3,15,0,5,0,2,4,0,19,5,8,3,13,11,0,2,0,0,1,4,8,6
11/16/21,21,8,106,3,114,11,220,3,33,1,33,26,20,74,0,0,15,13,0,4,45,16,2,15,2,14,1,3,0,1,6,0,17,3,9,5,18,17,0,3,0,0,0,4,8,5
11/16/21,20,8,98,4,111,12,209,2,30,1,32,24,21,77,0,0,15,13,0,4,41,15,3,14,0,12,1,2,0,1,5,0,22,4,10,8,16,12,0,3,1,0,0,2,10,5
11/16/21,19,9,90,7,107,16,197,3,28,0,26,22,17,74,0,0,15,13,3,3,43,16,3,17,3,10,0,6,0,1,3,0,20,5,9,6,14,11,0,2,3,0,0,3,8,5
11/16/21,18,5,81,7,100,12,181,3,25,0,24,19,19,71,0,0,15,13,6,3,39,15,2,14,0,10,1,1,0,1,1,1,19,1,11,6,7,5,1,4,4,0,0,3,9,5
11/16/21,17,6,76,9,93,15,169,3,22,0,22,16,21,72,0,0,15,13,8,2,43,14,2,15,0,14,1,2,0,2,1,0,17,1,10,6,4,2,3,6,3,0,0,2,10,6
11/16/21,16,4,70,9,84,13,154,1,19,0,14,11,20,72,0,0,15,13,5,2,49,15,3,17,1,17,0,3,0,0,0,0,14,2,9,6,10,8,0,4,4,0,0,1,7,6
11/16/21,15,10,66,7,75,17,141,3,18,0,14,9,22,73,0,0,13,10,7,2,50,17,5,15,0,18,1,3,0,1,2,0,15,1,10,8,9,4,1,4,5,0,0,2,6,6
11/16/21,14,8,56,8,68,16,124,0,15,1,14,6,25,71,0,0,11,10,5,2,50,17,4,16,2,17,0,2,1,2,2,0,13,1,9,8,10,6,0,2,4,0,1,2,6,6
11/16/21,13,9,48,14,60,23,108,4,15,2,10,6,22,67,0,0,9,8,5,2,46,15,2,14,1,17,2,3,1,1,0,0,13,1,9,8,9,5,3,1,5,0,1,2,6,6
11/16/21,12,5,39,11,46,16,85,2,11,1,9,5,22,61,0,0,6,4,4,1,42,15,3,12,0,15,0,8,0,0,0,0,11,0,8,9,11,6,2,0,2,0,0,2,7,7
11/16/21,11,9,34,5,35,14,69,1,9,0,8,5,21,57,0,0,6,1,1,1,37,12,1,11,0,14,1,12,0,0,0,0,12,0,8,6,10,7,1,2,2,0,0,1,7,7
11/16/21,10,6,25,11,30,17,55,1,8,1,6,5,19,51,0,0,6,1,0,1,35,12,0,9,0,14,0,13,0,0,0,0,8,0,8,6,12,7,0,3,2,0,0,1,7,7
11/16/21,9,4,19,9,19,13,38,0,7,0,5,5,19,50,0,0,4,0,0,3,35,14,1,9,0,12,0,12,0,0,0,0,5,0,5,3,13,7,0,1,2,0,0,1,7,7
11/16/21,8,3,15,7,10,10,25,2,7,0,5,5,19,50,0,0,2,0,0,2,36,14,1,10,0,12,0,13,0,0,0,1,4,0,4,1,9,9,0,0,1,0,0,1,7,7
11/16/21,7,1,12,2,3,3,15,0,5,0,5,5,19,50,0,0,0,0,0,2,37,14,1,11,0,12,0,12,0,0,0,0,4,0,4,0,5,4,0,0,1,0,0,0,7,7
11/16/21,6,3,11,1,1,4,12,1,5,0,5,5,19,51,0,0,0,0,0,2,38,13,1,11,0,14,0,11,0,0,0,0,4,0,4,1,4,3,0,0,1,0,0,0,7,7
11/16/21,5,0,8,0,0,0,8,0,4,0,4,4,19,53,0,0,0,0,0,2,40,14,2,12,0,14,0,10,1,0,0,0,4,0,3,6,1,0,0,0,1,0,0,0,7,7
11/16/21,4,2,8,0,0,2,8,1,4,0,3,4,19,55,0,0,0,0,1,3,39,13,2,13,0,13,0,9,1,0,0,0,6,0,2,12,5,4,0,0,2,0,0,0,7,7
11/16/21,3,2,6,0,0,2,6,0,3,0,1,3,17,56,0,0,0,0,1,3,41,14,0,14,0,13,0,10,1,0,1,0,6,0,2,11,4,4,1,0,1,0,0,0,6,6
11/16/21,2,1,4,0,0,1,4,1,3,0,1,2,18,56,0,0,0,0,1,3,42,15,0,14,0,13,1,8,0,1,2,0,5,0,1,8,10,8,1,0,1,0,0,0,6,6
11/16/21,1,3,3,0,0,3,3,2,2,0,0,0,18,56,0,0,0,0,0,3,42,15,0,15,2,12,0,6,0,0,0,0,5,1,2,4,15,14,0,1,2,0,0,0,6,6
11/15/21,24,2,136,1,138,3,274,1,35,0,42,37,18,56,0,0,10,25,0,2,42,15,1,15,3,12,1,4,0,0,0,0,6,1,3,5,15,15,0,1,1,0,0,0,6,6
11/15/21,23,3,134,2,137,5,271,1,34,0,39,36,16,56,0,0,10,25,0,2,40,15,2,13,4,12,1,4,0,0,0,0,8,1,3,4,20,15,0,2,0,0,0,0,6,5
11/15/21,22,3,131,6,135,9,266,1,33,0,37,36,14,65,0,0,9,25,0,2,42,16,2,14,3,12,1,2,1,0,0,0,15,1,8,4,21,15,0,2,0,0,1,0,6,5
11/15/21,21,8,128,3,129,11,257,2,32,2,34,35,12,77,3,3,9,25,2,4,47,19,2,15,3,13,0,5,0,0,4,0,17,1,6,7,20,18,0,2,0,0,1,3,6,4
11/15/21,20,3,120,4,126,7,246,0,30,0,32,32,13,83,3,3,9,25,4,4,52,21,5,15,1,16,0,4,0,1,5,0,17,0,7,9,20,16,0,3,0,0,0,6,7,4
11/15/21,19,7,117,8,122,15,239,3,30,1,30,32,11,89,3,3,9,22,8,4,54,21,5,17,0,16,1,5,0,1,6,0,19,1,7,7,18,17,2,4,1,0,0,3,9,4
11/15/21,18,10,110,4,114,14,224,3,27,1,27,28,12,88,1,1,9,21,9,5,56,20,4,17,1,19,2,6,0,2,6,0,18,4,6,7,15,15,4,2,2,0,0,2,8,4
11/15/21,17,5,100,9,110,14,210,2,24,0,25,24,15,90,3,3,9,17,12,4,52,20,3,17,1,15,2,1,0,1,3,0,19,4,7,8,15,12,6,1,1,0,1,3,12,6
11/15/21,16,11,95,8,101,19,196,6,22,0,22,24,12,91,1,1,9,13,14,3,53,20,3,17,2,16,3,1,0,1,4,0,22,10,7,8,10,10,6,3,6,0,1,2,12,5
11/15/21,15,11,84,8,93,19,177,3,16,0,21,19,16,88,2,2,8,12,14,3,49,20,3,16,3,13,2,3,0,4,2,0,23,10,5,6,10,8,8,3,4,0,1,1,11,5
11/15/21,14,16,73,16,85,32,158,1,13,0,18,15,17,79,0,0,5,7,17,3,50,19,5,15,2,16,2,4,0,0,1,0,15,2,5,4,18,16,9,4,2,0,0,0,11,6
11/15/21,13,8,57,11,69,19,126,1,12,0,16,15,15,78,1,1,4,3,12,2,47,17,2,14,0,16,2,5,1,0,2,0,17,7,5,2,5,4,5,4,0,0,0,0,11,8
11/15/21,12,14,49,9,58,23,107,3,11,1,15,10,21,67,0,0,4,3,8,3,41,15,4,11,0,15,2,5,1,0,0,0,13,4,4,5,7,5,5,1,0,0,0,0,10,8
11/15/21,11,12,35,13,49,25,84,3,8,0,15,10,21,66,0,0,2,2,3,3,40,13,3,11,0,16,2,9,2,0,0,0,13,3,3,8,12,8,3,1,0,0,0,0,10,8
11/15/21,10,6,23,7,36,13,59,1,5,0,14,9,24,59,0,0,2,1,0,3,33,9,0,10,0,14,2,10,2,0,1,0,9,1,3,7,7,3,0,4,1,0,0,0,14,10
11/15/21,9,9,17,8,29,17,46,3,4,1,11,3,27,57,0,0,2,0,0,3,32,10,0,10,1,12,0,12,2,0,0,0,9,0,4,6,6,3,0,2,2,0,0,0,13,10
11/15/21,8,1,8,8,21,9,29,0,1,0,9,3,25,55,0,0,2,0,0,3,30,10,0,9,0,11,0,12,1,3,1,0,10,1,7,2,8,8,0,1,2,1,0,0,12,10
11/15/21,7,1,7,2,13,3,20,0,1,0,8,3,24,57,0,0,0,0,0,4,31,11,0,9,0,11,0,8,1,3,1,0,10,1,6,5,3,3,0,2,2,0,0,0,12,10
11/15/21,6,0,6,2,11,2,17,0,1,0,8,3,24,56,0,0,0,0,0,4,32,11,1,10,0,11,0,8,1,3,1,0,8,0,6,6,5,2,0,2,4,0,1,0,12,10
11/15/21,5,2,6,1,9,3,15,0,1,0,4,1,22,56,0,0,0,0,0,4,32,11,2,10,0,11,0,8,2,3,1,0,9,0,5,7,5,3,0,1,4,0,0,0,11,8
11/15/21,4,2,4,1,8,3,12,1,1,0,4,2,21,55,0,0,0,0,0,4,31,10,1,10,0,11,0,8,2,4,1,0,9,0,4,3,7,4,0,0,3,0,0,0,11,8
11/15/21,3,0,2,1,7,1,9,0,0,0,3,2,20,57,0,0,0,0,0,4,31,9,0,11,0,11,0,8,2,4,1,0,11,2,5,1,8,8,0,4,2,0,0,0,11,8
11/15/21,2,1,2,2,6,3,8,0,0,0,3,1,21,58,0,0,0,0,0,4,31,9,0,11,0,11,0,7,1,4,1,0,12,3,4,3,7,7,0,4,2,0,0,0,11,8
11/15/21,1,1,1,4,4,5,5,0,0,0,1,1,19,58,0,0,0,0,0,4,31,9,0,11,1,11,0,8,1,4,1,0,12,5,4,3,6,6,0,3,2,0,0,0,11,8
11/14/21,24,6,134,2,67,8,201,3,42,0,30,25,19,60,0,0,2,4,0,4,33,10,2,10,0,13,2,6,1,1,0,0,13,4,2,8,4,4,0,4,2,0,0,0,10,8
11/14/21,23,8,128,4,65,12,193,3,39,0,28,24,19,54,0,0,2,4,0,4,28,7,0,9,0,12,2,6,2,1,0,0,12,3,1,5,6,3,0,3,1,0,0,0,10,8
11/14/21,22,7,120,2,61,9,181,4,36,0,26,24,17,56,0,0,2,4,0,4,30,11,1,9,0,10,1,5,1,1,2,1,13,1,4,3,5,4,0,2,0,0,0,1,8,8
11/14/21,21,8,113,3,59,11,172,2,32,1,24,23,16,56,0,0,2,4,0,4,31,12,0,10,1,9,0,1,1,0,3,0,12,2,4,3,5,4,0,1,1,1,0,1,9,8
11/14/21,20,7,105,1,56,8,161,2,30,0,24,19,20,57,1,1,2,4,0,3,29,11,0,11,0,7,0,0,0,0,4,0,13,0,5,6,4,3,0,0,0,0,0,0,11,9
11/14/21,19,7,98,2,55,9,153,3,28,0,20,17,19,58,0,0,2,4,0,3,32,13,1,13,2,6,0,3,0,0,2,0,12,3,2,6,5,2,0,1,0,1,0,0,11,9
11/14/21,18,4,91,5,53,9,144,1,25,0,20,19,17,56,0,0,2,4,0,2,32,13,0,11,0,8,1,4,0,3,3,0,13,3,2,5,8,6,0,0,0,0,0,1,9,9
11/14/21,17,5,87,3,48,8,135,2,24,0,19,18,17,65,0,0,2,4,0,2,37,15,0,14,0,8,1,6,1,2,1,0,16,7,4,1,8,5,0,1,0,0,0,0,10,10
11/14/21,16,4,82,3,45,7,127,1,22,0,17,12,22,76,0,0,2,3,0,3,41,16,1,15,1,10,0,5,0,1,1,0,22,13,6,3,7,7,0,1,1,0,0,0,10,10
11/14/21,15,14,78,3,42,17,120,2,21,0,14,7,26,80,1,1,2,3,0,3,45,16,1,16,1,13,1,6,1,1,1,0,19,8,5,5,8,7,0,1,1,0,0,2,12,10
11/14/21,14,5,64,0,39,5,103,0,19,0,12,6,25,74,1,1,1,2,1,3,42,16,0,14,1,12,1,8,0,0,2,0,16,4,6,6,7,6,0,1,2,0,0,3,12,10
11/14/21,13,8,59,4,39,12,98,5,19,1,10,6,23,71,0,0,1,2,1,3,43,16,1,13,0,14,1,8,0,0,3,0,13,0,8,6,14,12,0,2,4,0,0,2,12,10
11/14/21,12,9,51,6,35,15,86,2,14,0,10,5,24,60,0,0,0,2,1,3,36,12,1,12,1,12,2,5,0,1,2,0,9,0,7,5,18,14,1,1,6,0,0,2,12,10
11/14/21,11,16,42,6,29,22,71,4,12,0,10,3,26,60,0,0,0,1,0,2,33,11,0,12,1,10,1,6,0,1,2,0,13,0,8,4,14,11,0,1,3,0,0,0,12,10
11/14/21,10,6,26,6,23,12,49,1,8,0,9,3,26,56,0,0,0,0,0,3,28,10,0,9,0,9,0,7,0,1,1,0,13,2,7,2,6,3,0,1,3,0,0,0,12,10
11/14/21,9,3,20,7,17,10,37,2,7,1,7,3,24,50,0,0,0,0,0,2,30,12,1,9,0,9,1,7,0,1,3,0,6,0,6,3,11,5,0,2,4,0,0,0,12,10
11/14/21,8,9,17,1,10,10,27,1,5,0,7,2,24,51,0,0,0,0,0,2,33,13,2,9,1,11,1,7,3,0,1,0,5,0,5,1,10,9,0,1,4,0,0,0,11,10
11/14/21,7,1,8,2,9,3,17,0,4,0,7,2,24,49,0,0,0,0,0,2,31,12,1,9,0,10,0,6,3,0,1,0,5,0,5,5,4,2,0,0,3,0,0,0,11,10
11/14/21,6,2,7,0,7,2,14,0,4,0,7,2,24,48,0,0,0,0,0,2,31,12,1,9,0,10,0,6,3,0,1,0,4,0,4,3,7,1,0,0,3,0,0,0,11,10
11/14/21,5,1,5,1,7,2,12,1,4,0,6,2,23,50,0,0,0,0,0,2,33,12,1,11,0,10,0,6,3,0,4,0,4,0,4,1,6,3,0,0,3,0,1,1,11,10
11/14/21,4,0,4,1,6,1,10,0,3,0,5,2,22,51,0,0,0,0,0,3,33,11,0,11,3,11,1,6,3,0,4,0,4,0,4,1,5,2,0,0,3,0,1,1,11,10
11/14/21,3,1,4,1,5,2,9,1,3,0,5,2,22,54,0,0,0,0,0,3,36,13,0,11,3,12,1,4,4,1,1,0,4,0,4,1,6,5,0,0,2,0,1,2,11,10
11/14/21,2,2,3,2,4,4,7,1,2,1,4,1,23,56,0,0,0,0,0,4,36,13,1,11,3,12,1,4,2,3,2,0,5,0,4,1,5,5,0,0,3,0,1,3,11,10
11/14/21,1,1,1,2,2,3,3,1,1,0,0,1,19,54,0,0,0,0,0,4,34,13,2,9,1,12,1,4,2,2,2,0,6,2,4,1,5,5,0,0,1,0,1,1,10,8
11/13/21,24,4,124,1,83,5,207,0,34,0,29,22,19,65,0,0,8,4,0,5,38,13,5,13,1,12,3,4,2,0,1,0,11,3,3,11,3,3,0,1,1,0,2,1,11,8
11/13/21,23,10,120,3,82,13,202,3,34,0,28,22,19,61,0,0,8,3,1,4,34,11,3,13,2,10,1,3,1,0,0,0,12,3,3,5,3,1,0,0,1,0,2,0,11,8
11/13/21,22,2,110,2,79,4,189,0,31,0,26,20,19,58,0,0,8,3,1,2,31,10,1,11,0,10,1,2,1,2,3,0,13,2,3,6,3,2,0,0,2,0,2,0,12,8
11/13/21,21,6,108,1,77,7,185,3,31,0,25,20,18,66,0,0,8,3,0,2,35,11,2,13,0,11,2,2,0,5,2,0,16,7,5,4,3,1,0,0,4,0,1,1,13,9
11/13/21,20,9,102,1,76,10,178,2,28,0,24,16,21,66,0,0,8,3,4,3,36,11,1,13,1,12,1,2,0,5,1,0,14,2,6,5,9,4,0,1,3,0,1,0,13,9
11/13/21,19,5,93,5,75,10,168,1,26,0,23,15,21,66,0,0,8,3,4,3,36,11,3,12,1,13,0,3,0,3,1,1,13,1,6,7,6,2,0,2,1,0,0,0,13,9
11/13/21,18,4,88,4,70,8,158,1,25,0,19,13,19,62,0,0,7,2,7,1,38,11,1,12,1,15,1,3,0,4,1,0,11,1,5,4,8,4,0,2,1,0,0,0,12,8
11/13/21,17,6,84,5,66,11,150,2,24,0,15,12,16,71,0,0,7,1,8,2,44,14,3,15,1,15,0,3,0,1,1,0,15,3,7,2,7,5,1,2,1,0,0,0,10,8
11/13/21,16,7,78,4,61,11,139,3,22,0,14,9,18,75,0,0,7,0,7,2,46,14,3,15,1,17,2,2,0,0,0,0,17,9,5,3,6,6,3,1,0,0,0,0,10,8
11/13/21,15,4,71,2,57,6,128,1,19,0,11,6,18,76,0,0,7,0,7,2,44,13,1,14,1,17,1,3,0,1,3,0,20,6,6,6,8,5,3,1,0,0,0,0,10,6
11/13/21,14,7,67,3,55,10,122,0,18,1,10,6,18,75,0,0,7,0,11,2,42,13,3,14,2,15,0,4,0,1,3,0,21,7,5,6,8,6,4,1,1,0,0,0,10,6
11/13/21,13,7,60,4,52,11,112,2,18,0,9,6,18,74,0,0,6,0,12,3,44,14,2,14,2,16,3,8,0,0,3,0,17,5,4,6,8,8,7,2,0,0,0,0,10,5
11/13/21,12,8,53,9,48,17,101,1,16,0,8,6,17,76,0,0,6,0,9,4,41,15,3,12,2,14,2,11,0,11,3,0,21,8,4,8,7,6,5,2,3,0,0,1,10,5
11/13/21,11,11,45,6,39,17,84,4,15,0,7,5,17,68,0,0,5,0,5,3,38,13,2,11,2,14,2,13,0,0,0,0,18,6,3,8,6,6,5,3,3,0,0,0,9,5
11/13/21,10,8,34,6,33,14,67,1,11,0,6,5,17,50,0,0,5,0,0,3,35,11,1,9,1,15,3,10,0,0,0,0,3,0,3,7,18,11,0,7,2,0,1,0,9,5
11/13/21,9,10,26,11,27,21,53,3,10,0,6,5,17,47,0,0,2,0,0,3,31,10,1,8,0,13,2,8,0,0,1,0,4,0,2,4,20,16,0,4,2,0,0,0,9,5
11/13/21,8,1,16,5,16,6,32,0,7,0,6,5,17,47,0,0,1,0,0,2,30,11,1,8,1,11,0,8,0,0,1,0,7,0,3,12,15,12,0,2,2,0,0,0,8,5
11/13/21,7,6,15,3,11,9,26,1,7,0,5,5,16,47,0,0,1,0,0,3,30,10,0,8,1,12,0,7,0,1,0,0,6,0,3,8,14,11,0,0,2,0,1,1,8,5
11/13/21,6,1,9,2,8,3,17,1,6,0,5,5,16,47,0,0,1,0,0,3,29,10,0,6,0,13,0,9,0,0,0,0,7,0,4,5,11,5,0,0,2,0,1,1,8,5
11/13/21,5,3,8,0,6,3,14,3,5,0,5,3,18,55,0,0,1,0,0,3,30,9,0,7,0,14,0,8,0,0,0,0,14,1,5,11,10,9,0,0,2,0,1,0,8,5
11/13/21,4,0,5,0,6,0,11,0,2,0,5,3,18,58,0,0,1,0,0,2,32,9,0,9,0,14,0,8,0,1,0,0,16,1,7,12,9,9,0,0,2,0,0,0,8,5
11/13/21,3,3,5,2,6,5,11,0,2,0,4,1,20,63,0,0,1,0,0,4,34,10,1,10,0,14,0,7,0,0,0,0,17,1,7,10,10,9,0,0,3,0,0,1,8,5
11/13/21,2,0,2,3,4,3,6,1,2,0,4,0,21,64,0,0,1,0,0,4,34,11,1,10,0,13,0,4,0,0,0,0,18,3,7,5,9,7,0,0,3,0,0,0,8,5
11/13/21,1,2,2,1,1,3,3,1,1,0,1,0,18,67,0,0,1,0,0,4,36,11,2,10,0,15,0,5,1,0,0,0,19,6,8,3,7,6,0,0,2,0,0,1,8,5
11/12/21,24,3,117,3,132,6,249,1,40,0,42,40,17,70,0,0,19,19,0,4,38,10,1,13,0,15,1,4,0,0,0,0,20,8,8,4,7,5,0,1,1,0,0,1,8,5
11/12/21,23,5,114,3,129,8,243,2,39,0,42,38,19,71,0,0,19,19,0,3,40,10,2,15,1,15,0,6,0,1,0,0,20,5,10,4,7,5,0,0,1,0,0,2,8,5
11/12/21,22,6,109,1,126,7,235,3,37,0,41,32,24,74,0,0,18,19,0,2,45,12,2,16,1,17,0,8,0,1,0,0,19,6,10,2,7,4,0,0,1,0,0,1,8,4
11/12/21,21,7,103,1,125,8,228,3,34,0,38,28,25,71,0,0,17,19,0,2,46,15,3,15,1,16,1,5,0,0,0,0,16,4,7,2,11,8,0,0,2,0,0,2,7,4
11/12/21,20,5,96,3,124,8,220,3,31,0,37,26,26,73,1,1,17,18,1,3,49,16,1,16,0,17,1,7,0,0,0,0,14,5,5,4,9,7,0,1,2,0,0,1,6,4
11/12/21,19,7,91,3,121,10,212,2,28,0,35,26,24,75,2,2,17,12,7,2,50,18,1,17,2,15,1,3,0,1,0,0,15,8,6,3,6,6,0,3,3,0,0,2,6,4
11/12/21,18,6,84,4,118,10,202,3,26,0,33,21,28,77,3,3,16,10,9,3,46,19,0,15,0,12,0,2,0,1,0,4,14,4,6,2,10,5,3,3,3,0,1,1,7,5
11/12/21,17,5,78,10,114,15,192,1,23,0,29,18,27,82,1,1,15,6,9,2,53,21,0,16,0,16,0,4,0,3,3,5,14,4,6,3,7,2,5,6,1,0,0,1,7,6
11/12/21,16,7,73,11,104,18,177,3,22,1,27,15,31,91,0,0,13,0,11,2,54,21,0,15,1,18,1,6,1,4,3,6,20,5,9,10,11,10,5,3,2,0,0,0,9,7
11/12/21,15,12,66,13,93,25,159,3,19,0,23,14,28,89,2,2,13,0,10,3,53,21,2,15,2,17,0,10,1,4,3,6,15,2,10,7,13,10,4,4,5,0,0,1,10,7
11/12/21,14,4,54,12,80,16,134,1,16,0,20,11,29,85,3,3,11,0,13,2,53,19,1,17,0,17,2,7,0,5,1,4,14,1,8,9,8,5,7,6,5,0,0,1,9,6
11/12/21,13,4,50,12,68,16,118,0,15,0,18,7,31,84,3,3,9,0,10,2,51,18,2,17,0,16,1,10,0,1,1,6,14,2,7,8,7,5,4,4,4,0,0,1,8,5
11/12/21,12,10,46,13,56,23,102,4,15,0,14,7,28,79,0,0,5,0,8,2,52,18,2,16,1,18,1,16,1,0,2,5,12,3,6,7,9,6,5,2,5,0,0,1,8,6
11/12/21,11,8,36,7,43,15,79,2,11,0,13,6,28,76,0,0,3,0,1,3,46,17,1,14,2,15,0,20,1,0,1,6,13,4,6,6,11,7,1,1,6,0,0,0,8,6
11/12/21,10,4,28,13,36,17,64,2,9,0,13,6,28,69,0,0,3,0,0,4,45,16,1,14,2,15,0,20,1,0,1,6,6,0,6,4,15,11,0,3,7,0,0,0,8,6
11/12/21,9,7,24,11,23,18,47,2,7,0,13,6,28,70,0,0,1,0,0,5,45,17,1,12,0,16,2,15,2,0,2,5,7,0,6,3,9,6,0,3,5,0,0,0,8,6
11/12/21,8,2,17,4,12,6,29,0,5,0,12,5,28,68,0,0,0,0,0,4,45,17,0,13,1,15,0,14,2,0,1,2,9,3,5,0,5,5,0,1,5,0,0,0,8,6
11/12/21,7,3,15,4,8,7,23,0,5,0,11,5,27,70,0,0,0,0,1,3,48,18,0,15,0,15,0,14,2,0,1,0,11,3,5,1,4,4,0,0,4,0,1,0,8,6
11/12/21,6,2,12,0,4,2,16,0,5,0,10,5,26,66,0,0,0,0,1,3,51,19,0,15,0,17,0,14,3,1,2,0,4,0,4,2,4,2,0,0,3,0,0,0,8,6
11/12/21,5,1,10,1,4,2,14,1,5,0,8,5,24,66,0,0,0,0,0,3,50,19,0,14,0,17,0,13,3,1,2,0,5,0,5,0,5,2,0,1,3,0,0,0,8,6
11/12/21,4,2,9,0,3,2,12,0,4,0,6,4,22,67,0,0,0,0,0,4,50,19,0,14,1,17,0,11,3,1,1,0,5,0,5,2,5,5,0,0,3,0,0,0,8,6
11/12/21,3,1,7,2,3,3,10,1,4,0,5,1,24,70,0,0,0,0,0,5,52,20,1,15,2,17,0,8,2,1,2,0,5,0,5,0,7,5,0,0,4,0,0,0,8,6
11/12/21,2,2,6,0,1,2,7,1,3,0,5,1,24,72,0,0,0,0,0,5,54,22,2,15,3,17,0,8,0,4,3,0,6,0,5,0,7,5,0,0,3,0,0,0,7,6
11/12/21,1,4,4,1,1,5,5,2,2,0,1,0,22,71,0,0,0,0,0,5,51,21,1,13,1,17,3,6,1,3,3,0,7,1,5,2,7,7,0,0,3,0,0,0,8,6
11/11/21,24,4,134,0,100,4,234,1,44,0,44,40,19,77,0,0,6,13,0,5,52,21,0,15,0,16,3,5,1,5,6,0,12,0,9,3,9,7,0,1,3,0,0,0,8,5
11/11/21,23,3,130,3,100,6,230,1,43,0,41,39,18,76,0,0,6,13,0,4,55,21,3,17,3,17,1,5,1,1,4,0,10,0,7,2,11,8,0,1,1,0,0,3,7,4
11/11/21,22,6,127,4,97,10,224,5,42,1,38,37,17,76,0,0,6,13,0,5,50,21,2,14,1,15,1,4,1,1,3,0,12,0,8,4,11,5,0,3,1,0,0,2,9,4
11/11/21,21,3,121,4,93,7,214,2,37,1,37,33,20,81,0,0,6,13,0,5,51,20,3,15,3,16,1,0,2,1,3,0,16,1,10,3,10,5,0,2,3,0,0,0,9,4
11/11/21,20,5,118,4,89,9,207,0,35,0,36,29,23,89,2,2,6,13,0,6,52,19,2,15,4,18,0,0,1,1,2,0,21,2,11,6,8,5,0,1,2,0,0,2,8,4
11/11/21,19,10,113,7,85,17,198,4,35,0,35,26,25,96,3,3,5,12,1,4,55,20,5,16,3,19,0,0,1,3,4,0,28,3,11,12,8,5,0,2,2,0,0,2,6,4
11/11/21,18,5,103,7,78,12,181,4,31,0,32,23,25,89,5,5,4,10,6,4,53,19,2,16,2,18,2,0,1,5,5,0,22,1,7,13,10,5,1,2,4,1,0,2,5,4
11/11/21,17,11,98,8,71,19,169,1,27,1,30,18,28,96,9,8,4,8,6,5,54,20,1,17,0,17,0,2,0,2,2,0,22,1,5,12,10,7,2,2,4,2,0,1,6,4
11/11/21,16,6,87,5,63,11,150,2,26,1,25,13,28,89,2,2,1,7,6,4,53,18,1,18,2,17,0,6,0,2,2,0,23,5,6,9,6,6,2,5,5,1,1,2,7,4
11/11/21,15,10,81,5,58,15,139,2,24,0,21,10,28,87,2,1,1,3,10,3,53,19,2,17,3,17,0,6,1,2,5,0,23,7,8,7,9,7,4,5,7,0,2,1,6,4
11/11/21,14,10,71,5,53,15,124,3,22,0,16,8,25,82,0,0,1,3,7,4,51,20,0,15,1,16,0,15,2,3,3,0,20,9,6,5,8,6,3,5,8,0,2,0,7,4
11/11/21,13,8,61,7,48,15,109,1,19,0,14,7,23,82,0,0,1,2,5,3,52,19,0,15,2,18,0,14,1,2,3,0,22,8,7,6,9,7,4,6,6,0,2,0,5,4
11/11/21,12,12,53,7,41,19,94,3,18,1,13,5,27,85,0,0,1,0,6,3,50,19,0,14,1,17,1,13,1,6,2,0,24,7,9,8,7,5,5,3,5,0,2,2,8,7
11/11/21,11,10,41,6,34,16,75,3,15,0,12,5,26,74,0,0,1,0,0,4,45,17,0,13,0,15,2,18,0,2,2,0,17,3,7,8,8,5,0,2,4,0,1,2,8,7
11/11/21,10,9,31,9,28,18,59,1,12,0,10,5,25,75,0,0,1,0,0,3,48,17,0,16,1,15,1,21,0,3,2,0,14,3,8,5,10,4,0,1,5,0,1,1,10,8
11/11/21,9,4,22,7,19,11,41,1,11,0,9,4,25,69,0,0,1,0,0,3,46,16,0,16,0,14,0,17,0,1,2,0,10,0,7,2,4,3,0,2,4,0,1,0,10,8
11/11/21,8,3,18,2,12,5,30,0,10,0,9,5,24,71,0,0,1,0,0,2,47,18,1,15,1,14,0,16,0,1,2,0,13,6,5,4,4,4,0,1,1,0,0,1,9,8
11/11/21,7,2,15,4,10,6,25,0,10,0,8,4,24,69,0,0,1,0,1,2,47,18,1,15,1,14,0,15,0,1,2,0,11,4,5,2,5,4,1,0,1,0,0,1,9,8
11/11/21,6,3,13,0,6,3,19,2,10,0,7,4,23,64,0,0,0,0,1,3,47,19,1,14,1,14,1,13,0,4,3,0,5,0,4,2,7,6,1,0,0,0,0,1,9,8
11/11/21,5,1,10,0,6,1,16,1,8,0,7,2,25,64,0,0,0,0,1,2,48,19,1,16,1,13,0,13,0,1,2,0,5,0,4,1,10,9,0,0,2,0,0,1,9,8
11/11/21,4,3,9,2,6,5,15,2,7,0,4,2,22,66,0,0,0,0,1,2,48,18,1,16,1,14,1,12,0,1,1,0,7,0,5,2,12,12,1,0,2,0,0,1,9,7
11/11/21,3,3,6,0,4,3,10,1,5,0,3,2,21,72,0,0,0,0,1,2,46,17,1,15,0,14,1,13,0,2,2,0,15,9,5,1,12,11,1,0,2,0,0,1,9,7
11/11/21,2,1,3,3,4,4,7,2,4,0,2,1,21,72,0,0,0,0,1,2,44,16,2,15,1,13,0,11,0,1,2,0,17,9,8,0,11,11,1,0,2,0,0,0,9,7
11/11/21,1,2,2,1,1,3,3,2,2,1,1,0,20,79,0,0,0,0,2,3,47,17,2,15,0,15,0,12,0,1,2,0,20,9,8,5,9,9,1,0,2,0,0,0,9,7
11/10/21,24,5,134,4,119,9,253,3,42,1,40,30,20,84,1,1,13,15,1,5,47,17,2,14,2,16,1,7,0,0,2,0,23,9,8,8,10,7,0,1,2,0,0,0,8,6
11/10/21,23,4,129,2,115,6,244,1,39,0,39,30,19,80,1,1,13,15,0,4,48,17,2,13,2,18,1,6,0,0,1,0,20,4,8,6,11,10,0,1,3,0,0,0,7,6
11/10/21,22,3,125,2,113,5,238,2,38,0,38,27,22,86,4,4,11,15,0,4,46,16,1,15,3,15,1,4,0,0,1,4,20,7,6,6,16,13,0,4,6,0,1,0,8,6
11/10/21,21,7,122,5,111,12,233,3,36,0,36,25,22,95,2,2,11,14,3,4,52,19,2,18,4,15,2,5,0,0,2,4,25,9,10,8,16,13,0,5,6,0,1,1,8,5
11/10/21,20,5,115,9,106,14,221,3,33,0,35,20,26,99,5,5,9,13,4,6,52,18,0,18,3,16,1,5,0,0,3,5,23,10,9,7,16,11,2,5,5,0,1,2,8,5
11/10/21,19,8,110,4,97,12,207,3,30,3,33,19,26,100,5,5,7,11,5,6,56,21,3,18,1,17,2,4,0,0,0,7,20,7,9,7,15,11,1,4,5,0,3,1,6,5
11/10/21,18,7,102,4,93,11,195,4,27,0,33,18,28,97,4,4,7,8,9,4,53,20,3,18,3,15,0,3,0,1,2,7,23,5,10,6,16,14,3,5,4,0,2,1,6,5
11/10/21,17,7,95,7,89,14,184,4,23,1,30,17,27,91,3,3,7,4,11,6,52,19,2,16,2,17,0,3,0,3,2,5,18,4,9,7,24,21,5,6,7,0,2,0,7,6
11/10/21,16,5,88,7,82,12,170,0,19,0,25,16,25,97,5,5,6,0,13,5,53,21,1,15,0,17,2,8,1,2,1,5,22,7,9,9,23,21,6,4,7,0,2,1,7,5
11/10/21,15,14,83,10,75,24,158,3,19,0,24,14,27,102,6,6,4,0,15,3,54,21,3,17,2,16,2,10,1,2,1,7,25,7,10,9,20,18,9,7,7,0,2,1,7,5
11/10/21,14,6,69,9,65,15,134,3,16,0,22,11,28,101,2,2,4,0,12,2,55,21,2,17,2,17,3,12,1,2,1,7,28,10,12,6,17,14,5,6,5,0,0,2,7,5
11/10/21,13,11,63,7,56,18,119,0,13,0,19,8,30,94,3,3,3,0,9,3,53,20,4,16,0,17,1,14,0,2,2,7,21,6,8,6,20,16,5,4,5,0,0,1,7,6
11/10/21,12,11,52,12,49,23,101,4,13,2,18,6,32,97,0,0,3,0,8,4,52,21,5,14,0,17,0,14,0,0,0,6,28,9,10,7,20,17,7,4,7,0,0,2,7,6
11/10/21,11,7,41,6,37,13,78,1,9,1,14,5,30,91,0,0,3,0,3,4,47,16,3,14,1,17,2,17,0,0,0,6,27,7,11,7,19,16,3,4,7,0,0,2,7,6
11/10/21,10,8,34,13,31,21,65,3,8,0,12,3,31,88,0,0,1,0,0,4,44,14,2,14,0,16,2,16,0,0,0,6,27,9,10,7,20,17,0,2,9,0,0,2,7,6
11/10/21,9,3,26,7,18,10,44,1,5,0,12,3,31,88,0,0,1,0,0,4,41,13,0,14,0,14,0,16,0,0,1,6,30,12,11,3,14,11,0,4,12,0,0,0,7,6
11/10/21,8,4,23,4,11,8,34,0,4,0,10,3,29,83,0,0,1,0,0,4,41,13,0,13,0,15,0,15,0,0,1,6,25,10,11,3,13,13,0,5,11,0,0,0,7,6
11/10/21,7,4,19,1,7,5,26,1,4,0,8,3,28,88,0,0,1,0,0,4,44,13,0,16,0,15,0,12,0,0,0,6,27,11,11,4,6,6,0,3,11,0,0,0,7,6
11/10/21,6,0,15,1,6,1,21,0,3,0,7,2,28,81,0,0,0,0,0,5,42,13,0,16,2,13,0,11,0,0,0,6,21,3,12,6,15,15,0,3,12,0,0,1,7,6
11/10/21,5,3,15,1,5,4,20,0,3,0,7,2,28,91,0,0,0,0,0,5,47,18,0,17,2,12,0,12,0,0,0,6,27,5,14,8,16,16,0,2,10,0,0,1,6,6
11/10/21,4,1,12,0,4,1,16,0,3,0,5,2,26,92,0,0,0,0,0,5,54,19,0,17,2,18,0,18,1,0,0,0,27,5,14,8,13,13,0,2,4,0,0,1,6,6
11/10/21,3,1,11,1,4,2,15,0,3,0,4,0,27,90,0,0,0,0,0,4,52,20,1,17,2,15,0,16,1,0,0,0,28,5,15,8,16,15,0,2,6,0,0,1,6,6
11/10/21,2,5,10,2,3,7,13,1,3,0,2,0,25,89,0,0,0,0,0,3,52,20,1,16,1,16,1,15,0,1,2,0,28,5,15,7,14,14,0,2,4,0,0,2,6,5
11/10/21,1,5,5,1,1,6,6,2,2,0,0,0,23,86,0,0,0,0,0,2,51,19,2,15,0,17,1,14,1,1,2,0,27,6,15,6,12,12,0,2,2,0,0,2,6,4
11/09/21,24,4,136,1,129,5,265,2,31,0,49,36,23,90,0,0,15,9,0,2,53,19,2,17,1,17,1,13,1,1,1,0,28,6,13,11,9,9,0,2,2,0,0,3,7,4
11/09/21,23,6,132,0,128,6,260,2,29,0,49,36,23,91,0,0,15,9,0,2,52,19,2,16,1,17,1,11,1,1,1,0,30,6,14,13,9,7,0,2,1,0,4,2,7,4
11/09/21,22,3,126,2,128,5,254,0,27,0,47,36,21,91,0,0,15,9,0,3,46,17,2,15,0,14,0,11,1,1,0,4,29,8,12,14,15,13,0,2,1,0,1,4,9,4
11/09/21,21,5,123,4,126,9,249,1,27,0,44,35,20,95,0,0,15,9,0,4,50,18,2,17,2,15,2,9,1,1,0,4,26,8,13,11,19,16,0,1,1,0,2,2,11,3
11/09/21,20,5,118,6,122,11,240,1,26,0,43,33,21,98,0,0,13,9,0,3,51,18,2,16,3,17,1,8,1,3,2,4,29,14,14,10,17,13,0,3,2,0,2,4,11,3
11/09/21,19,8,113,4,116,12,229,1,25,0,42,26,27,100,3,3,13,9,5,3,53,20,3,14,0,19,2,7,1,3,3,5,29,12,13,6,18,16,2,2,1,0,5,4,7,3
11/09/21,18,11,105,11,112,22,217,4,24,0,40,22,30,94,2,2,12,9,10,4,55,19,4,17,1,19,1,2,0,3,2,5,24,8,10,5,22,20,4,1,1,0,3,1,4,3
11/09/21,17,8,94,10,101,18,195,2,20,0,31,19,24,89,0,0,12,9,7,4,55,19,3,17,0,19,3,5,1,3,2,6,20,8,8,4,23,20,3,1,1,0,1,1,4,2
11/09/21,16,7,86,12,91,19,177,3,18,0,30,17,27,99,2,0,11,9,7,4,58,21,1,18,1,19,6,6,1,3,1,7,23,12,8,6,18,17,5,0,1,0,0,1,5,2
11/09/21,15,10,79,7,79,17,158,2,15,1,28,17,28,105,5,4,8,8,5,5,53,21,1,16,0,16,4,8,0,2,0,8,26,9,11,7,17,14,1,4,2,1,1,2,8,5
11/09/21,14,15,69,9,72,24,141,3,13,0,20,12,25,99,3,3,7,6,7,6,52,20,0,17,1,15,1,13,4,2,1,5,23,6,8,7,19,15,2,3,3,1,1,0,10,6
11/09/21,13,7,54,12,63,19,117,0,10,0,16,8,26,92,0,0,7,3,6,5,57,21,1,17,1,19,1,11,4,0,1,7,17,4,8,9,22,16,2,5,3,0,1,0,6,5
11/09/21,12,13,47,11,51,24,98,1,10,0,13,7,24,87,0,0,7,2,5,5,54,21,3,16,1,17,0,12,4,0,0,7,15,1,9,8,18,13,3,2,4,1,2,1,6,5
11/09/21,11,12,34,10,40,22,74,3,9,1,10,6,22,90,0,0,4,1,2,4,53,21,2,14,0,18,2,12,4,0,0,8,19,3,11,9,11,9,2,3,5,0,2,0,6,5
11/09/21,10,5,22,12,30,17,52,2,6,0,10,6,22,82,0,0,4,0,0,5,46,19,0,12,1,15,0,13,3,0,1,9,16,3,10,4,12,10,0,3,9,1,1,0,6,5
11/09/21,9,5,17,7,18,12,35,0,4,0,10,6,22,80,0,0,3,0,0,5,46,17,0,14,1,15,0,16,3,3,1,7,16,0,10,4,6,3,0,1,6,1,1,0,6,5
11/09/21,8,4,12,6,11,10,23,1,4,0,10,6,22,77,0,0,2,0,0,5,45,17,0,13,0,15,0,15,4,0,2,7,14,2,9,2,10,8,0,1,6,1,1,0,6,5
11/09/21,7,1,8,2,5,3,13,0,3,0,9,6,21,76,0,0,2,0,0,3,46,17,0,13,0,16,0,12,4,0,2,7,14,1,10,1,5,2,0,1,7,1,1,0,6,5
11/09/21,6,2,7,1,3,3,10,1,3,0,9,6,21,76,0,0,2,0,0,4,49,18,0,13,0,18,1,11,4,0,1,7,10,0,10,1,8,8,0,0,7,1,1,0,6,5
11/09/21,5,1,5,0,2,1,7,1,2,0,7,3,22,78,0,0,2,0,0,5,50,19,0,13,0,18,1,12,4,0,1,7,10,0,10,2,7,7,0,0,8,0,1,0,6,5
11/09/21,4,1,4,1,2,2,6,0,1,0,5,2,21,77,0,0,2,0,0,5,50,19,1,15,0,16,2,12,3,0,1,6,10,0,9,3,9,8,0,0,6,0,1,0,6,5
11/09/21,3,2,3,1,1,3,4,1,1,0,3,2,19,76,0,0,2,0,1,5,49,19,2,16,0,14,2,11,2,0,1,6,10,0,9,0,11,11,0,0,5,0,1,0,6,5
11/09/21,2,0,1,0,0,0,1,0,0,0,3,2,19,76,4,2,2,0,0,4,48,18,2,15,0,15,2,8,0,1,6,4,10,1,8,1,11,11,0,1,4,0,1,0,6,5
11/09/21,1,1,1,0,0,1,1,0,0,0,2,1,19,78,4,4,0,0,0,4,49,18,2,16,0,15,3,11,0,1,2,5,9,0,9,4,15,15,0,4,4,0,1,2,7,5
11/08/21,24,1,142,3,137,4,279,0,52,0,36,32,18,84,4,4,20,6,1,4,54,21,2,17,2,16,5,9,1,2,3,3,11,0,10,6,17,14,1,5,5,0,1,1,8,5
11/08/21,23,2,141,5,134,7,275,2,52,0,36,32,18,82,4,4,20,6,1,4,54,21,5,18,3,15,5,7,0,1,5,2,10,0,10,4,20,16,1,5,3,0,1,5,8,5
11/08/21,22,9,139,6,129,15,268,6,50,1,35,31,18,85,6,6,20,6,1,3,54,19,5,17,4,18,5,4,0,1,3,4,11,0,10,6,20,15,0,3,2,0,0,2,7,5
11/08/21,21,8,130,7,123,15,253,2,44,0,35,30,19,82,4,4,20,6,0,5,55,21,6,18,3,16,6,5,0,1,3,2,9,0,8,6,20,13,0,2,1,0,0,0,7,5
11/08/21,20,7,122,5,116,12,238,2,42,0,32,25,21,82,6,6,20,6,0,5,56,21,6,18,2,17,2,7,1,1,2,0,10,0,9,5,17,10,0,2,1,0,2,0,5,5
11/08/21,19,5,115,12,111,17,226,3,40,0,31,23,22,80,4,4,17,6,2,5,56,21,6,18,2,17,4,7,1,1,0,0,10,0,8,4,18,12,0,2,2,0,1,2,5,5
11/08/21,18,9,110,5,99,14,209,6,37,0,28,21,21,80,7,7,17,6,3,5,51,19,6,16,3,16,4,4,0,1,4,0,12,0,10,3,13,9,1,3,1,0,0,1,5,5
11/08/21,17,12,101,1,94,13,195,3,31,0,23,19,18,75,5,5,16,6,7,4,49,20,5,15,0,14,3,8,0,2,5,2,10,1,4,6,12,7,3,3,3,1,2,0,5,4
11/08/21,16,8,89,10,93,18,182,1,28,0,19,13,21,80,5,5,15,6,12,5,48,20,4,16,0,12,0,9,0,1,1,0,15,7,4,4,15,11,4,1,6,1,1,2,7,6
11/08/21,15,5,81,7,83,12,164,1,27,0,18,11,22,90,4,4,14,6,8,5,51,19,3,16,1,16,1,9,2,1,2,0,20,7,4,9,10,5,3,0,4,0,0,1,10,8
11/08/21,14,13,76,7,76,20,152,4,26,0,14,8,23,92,4,4,13,6,9,5,53,21,2,16,1,16,0,8,1,1,5,0,20,5,5,8,11,10,3,7,2,0,0,2,10,9
11/08/21,13,8,63,11,69,19,132,3,22,0,12,5,24,74,0,0,10,3,11,3,53,20,4,16,1,17,1,8,2,0,1,0,8,0,4,6,20,16,5,5,1,0,0,0,10,8
11/08/21,12,11,55,14,58,25,113,2,19,0,10,6,21,70,0,0,8,0,12,2,49,17,3,15,2,17,2,9,2,0,1,0,9,0,6,5,15,12,7,5,2,0,0,0,10,8
11/08/21,11,10,44,12,44,22,88,5,17,0,9,3,22,74,1,1,6,0,6,4,48,18,4,15,3,15,1,16,2,0,1,0,11,2,6,3,9,4,6,1,1,0,0,0,10,8
11/08/21,10,7,34,12,32,19,66,3,12,0,7,2,23,66,0,0,3,0,2,2,45,17,3,14,0,14,1,20,2,0,0,0,9,1,4,5,14,8,2,0,2,0,0,0,10,8
11/08/21,9,5,27,8,20,13,47,2,9,0,6,2,22,66,0,0,2,0,2,2,42,15,0,12,0,15,2,22,1,0,0,0,13,4,4,4,8,7,1,1,2,0,0,0,9,8
11/08/21,8,7,22,5,12,12,34,3,7,1,5,2,21,65,0,0,1,0,1,2,43,15,0,13,1,15,1,22,1,1,0,0,10,4,6,0,8,8,0,0,2,1,0,0,10,8
11/08/21,7,4,15,4,7,8,22,0,4,0,4,2,20,66,0,0,1,0,1,2,42,16,0,12,0,14,1,21,1,0,0,0,12,3,6,2,3,3,0,0,3,1,0,0,10,8
11/08/21,6,1,11,0,3,1,14,0,4,0,4,1,21,60,0,0,1,0,0,2,41,15,0,13,0,13,0,18,1,0,2,0,7,0,6,1,2,0,0,0,3,1,0,0,10,8
11/08/21,5,0,10,1,3,1,13,0,4,0,2,1,19,62,0,0,1,0,0,3,41,15,0,13,0,13,0,19,2,0,2,0,8,0,6,1,2,0,0,0,3,1,0,0,10,8
11/08/21,4,2,10,0,2,2,12,2,4,0,2,1,19,62,0,0,0,0,0,3,42,16,1,13,1,13,1,20,2,0,1,0,8,0,5,2,6,1,0,0,2,1,0,0,9,8
11/08/21,3,4,8,1,2,5,10,1,2,0,1,1,18,60,0,0,0,0,0,3,40,15,0,12,0,13,1,19,2,0,1,0,8,0,5,2,5,1,0,0,2,1,1,1,9,8
11/08/21,2,2,4,1,1,3,5,0,1,0,1,1,18,56,0,0,0,0,0,3,36,14,0,10,1,12,0,17,2,1,1,0,8,0,5,2,4,0,0,0,2,0,1,0,9,8
11/08/21,1,2,2,0,0,2,2,1,1,0,0,1,17,54,0,0,0,0,0,2,35,14,0,9,1,12,0,12,3,0,1,0,8,1,4,3,4,3,0,0,1,0,1,0,9,8
11/07/21,24,0,129,0,81,0,210,0,33,0,30,21,18,56,0,0,5,27,0,2,36,14,0,9,0,13,0,6,2,0,2,0,9,2,4,4,6,5,0,0,0,0,2,1,9,8
11/07/21,23,4,129,5,81,9,210,0,33,0,28,21,16,61,0,0,5,21,0,1,40,15,1,11,0,14,2,6,3,0,2,0,11,2,3,4,8,6,0,1,0,0,2,3,9,8
11/07/21,22,3,125,2,76,5,201,1,33,0,28,21,16,68,0,0,5,16,0,3,42,15,1,12,2,15,1,2,3,0,1,0,15,1,4,8,8,7,0,2,1,0,2,3,8,8
11/07/21,21,7,122,8,74,15,196,4,32,0,28,21,17,72,0,0,5,12,0,3,44,15,2,12,2,17,0,3,2,2,1,0,16,2,4,9,11,9,0,2,1,0,3,2,9,8
11/07/21,20,3,115,1,66,4,181,1,28,0,24,19,14,70,0,0,5,12,0,5,39,12,1,11,0,16,1,3,4,0,1,0,17,3,6,8,6,3,0,2,1,1,3,2,9,8
11/07/21,19,8,112,0,65,8,177,1,27,0,21,17,15,81,0,0,5,11,0,5,44,15,3,13,2,16,2,3,3,0,5,0,24,4,12,9,7,5,0,2,1,1,2,2,8,7
11/07/21,18,7,104,4,65,11,169,2,26,0,21,16,15,76,1,1,5,7,0,6,38,11,1,12,2,15,0,3,3,0,6,0,23,5,13,6,11,6,0,3,3,1,2,0,8,7
11/07/21,17,4,97,2,61,6,158,1,24,0,18,16,15,81,0,0,5,4,0,5,43,15,1,13,2,15,2,3,3,0,7,0,24,5,11,4,14,11,0,3,2,1,1,1,9,8
11/07/21,16,9,93,3,59,12,152,1,23,0,17,11,20,82,0,0,5,1,0,4,44,17,3,14,2,13,3,7,2,2,1,0,25,14,10,4,15,13,0,3,2,1,1,2,9,7
11/07/21,15,13,84,4,56,17,140,6,22,0,14,11,19,80,0,0,5,1,0,4,49,18,2,14,1,17,3,2,2,1,2,0,19,8,8,4,21,20,0,2,3,0,1,2,8,7
11/07/21,14,7,71,10,52,17,123,0,16,0,12,9,19,80,0,0,5,0,0,3,44,16,0,13,0,15,1,0,2,1,2,0,23,11,7,4,20,17,0,0,3,0,1,0,10,6
11/07/21,13,12,64,9,42,21,106,2,16,1,11,8,19,76,0,0,3,0,0,1,42,14,1,13,1,15,2,5,2,1,0,0,23,8,8,4,13,12,0,2,3,0,1,1,10,5
11/07/21,12,6,52,9,33,15,85,0,14,0,9,7,18,72,0,0,2,0,0,3,39,11,0,13,0,15,3,7,3,0,0,0,19,5,6,7,9,7,0,1,3,0,1,1,11,6
11/07/21,11,12,46,6,24,18,70,3,14,0,8,6,18,67,0,0,2,0,0,2,39,13,1,13,2,13,2,11,4,1,0,0,13,0,6,7,4,2,0,0,1,0,0,1,13,6
11/07/21,10,8,34,2,18,10,52,1,11,1,6,6,17,58,0,0,2,0,0,2,33,12,1,9,0,12,2,13,2,0,0,0,10,0,3,7,5,1,0,0,0,1,0,4,13,6
11/07/21,9,4,26,5,16,9,42,0,10,0,4,6,16,63,0,0,0,0,0,4,35,13,0,11,0,11,0,12,2,0,0,0,11,0,5,5,7,5,0,0,1,1,0,2,13,6
11/07/21,8,4,22,2,11,6,33,1,10,0,4,6,16,61,0,0,0,0,0,4,36,13,2,12,0,11,0,10,2,0,2,0,8,2,5,3,4,4,0,0,1,0,0,2,13,6
11/07/21,7,3,18,0,9,3,27,0,9,1,4,6,16,56,0,0,0,0,0,4,34,11,0,12,0,11,0,10,3,0,2,0,5,0,5,6,4,2,0,0,1,0,0,2,13,6
11/07/21,6,1,15,1,9,2,24,0,9,0,4,6,16,54,0,0,0,0,2,4,33,12,0,11,0,10,0,10,2,0,3,0,5,0,5,5,6,5,0,0,1,0,0,2,12,6
11/07/21,5,3,14,0,8,3,22,1,9,0,3,6,15,55,0,0,0,0,2,4,33,11,1,12,0,10,0,10,3,0,1,0,6,0,5,4,6,5,0,0,0,0,0,1,12,6
11/07/21,4,1,11,0,8,1,19,1,8,0,3,5,15,56,0,0,0,0,3,4,33,11,1,12,0,10,0,10,2,0,1,0,7,0,5,4,9,6,0,0,0,0,0,0,12,6
11/07/21,3,1,10,2,8,3,18,1,7,0,3,5,16,55,0,0,0,0,3,4,32,10,1,12,0,10,0,10,2,0,1,0,7,0,5,4,9,8,0,0,0,0,0,0,12,6
11/07/21,2,0,9,0,6,0,15,0,6,0,1,5,14,60,1,1,0,0,2,5,38,12,1,12,1,14,0,12,4,0,1,0,5,1,3,2,11,7,2,1,0,0,0,0,11,6
11/07/21,2,6,9,3,6,9,15,4,6,0,0,0,14,57,0,0,0,0,2,4,35,11,1,13,2,11,0,9,4,0,1,0,6,1,4,3,9,7,2,1,0,0,0,0,12,6
11/07/21,1,3,3,3,3,6,6,2,2,0,1,4,15,60,0,0,0,0,2,4,37,13,1,11,1,13,0,9,3,1,7,0,8,1,3,5,8,5,2,1,0,1,0,2,11,6
11/06/21,24,5,91,3,109,8,200,1,31,0,34,28,18,64,0,0,20,9,0,3,36,13,0,10,2,13,0,7,2,1,3,0,14,1,5,9,7,7,0,3,0,1,0,1,11,6
11/06/21,23,3,86,8,106,11,192,1,30,0,32,27,17,63,0,0,20,9,0,3,36,13,2,10,0,13,0,9,3,2,7,0,13,0,5,9,9,7,0,2,0,0,0,1,11,6
11/06/21,22,4,83,3,98,7,181,2,29,0,29,27,15,66,0,0,20,9,0,4,40,17,3,11,0,12,0,8,3,4,6,0,11,1,5,7,7,3,0,2,0,0,0,5,11,5
11/06/21,21,3,79,3,95,6,174,1,27,0,27,24,16,66,0,0,19,9,0,4,40,16,2,10,0,14,1,11,4,3,8,0,11,1,3,3,8,6,0,0,1,0,0,1,11,5
11/06/21,20,5,76,3,92,8,168,3,26,0,27,24,16,72,2,2,19,4,0,5,41,15,0,11,0,15,1,11,4,2,8,0,13,3,2,5,11,8,0,1,1,0,0,1,11,6
11/06/21,19,2,71,2,89,4,160,1,23,0,26,22,17,69,0,0,18,3,0,4,40,14,0,11,0,15,1,10,3,0,6,0,14,4,2,8,12,7,0,2,1,1,1,2,11,6
11/06/21,18,8,69,7,87,15,156,2,22,0,24,19,19,79,1,1,17,1,0,4,51,20,3,15,1,16,1,12,3,1,5,0,13,5,2,7,14,9,0,3,1,0,1,2,10,6
11/06/21,17,6,61,7,80,13,141,1,20,0,24,20,19,79,0,0,16,0,0,4,53,20,2,15,1,18,2,14,3,2,8,0,14,5,2,12,20,15,0,2,1,0,0,1,8,6
11/06/21,16,5,55,3,73,8,128,0,19,0,19,16,18,78,3,3,14,0,0,5,50,17,0,15,0,18,3,13,4,2,8,0,12,4,4,8,19,18,0,2,1,0,0,1,8,6
11/06/21,15,7,50,11,70,18,120,1,19,0,18,14,19,78,2,2,14,0,0,5,50,19,0,16,0,15,1,18,6,2,5,0,13,3,5,10,21,17,0,2,6,0,0,1,8,6
11/06/21,14,5,43,8,59,13,102,2,18,1,15,9,21,75,1,1,10,0,0,4,53,19,1,17,1,17,0,24,6,1,2,0,10,0,6,9,19,15,0,2,6,0,0,2,7,5
11/06/21,13,4,38,11,51,15,89,1,16,0,13,8,21,73,0,0,10,0,0,3,52,18,0,17,1,17,2,24,5,0,2,0,11,0,8,9,17,12,0,1,6,0,0,2,7,5
11/06/21,12,6,34,7,40,13,74,1,15,0,12,8,20,75,1,1,8,0,0,4,51,19,2,16,1,16,1,23,5,0,3,0,12,0,7,8,13,9,0,4,5,0,0,2,7,5
11/06/21,11,4,28,18,33,22,61,4,14,1,9,7,18,74,0,0,6,0,0,4,50,19,2,15,1,16,1,23,5,0,1,0,13,0,7,5,14,8,0,3,2,0,0,1,7,5
11/06/21,10,2,24,7,15,9,39,1,10,0,8,7,17,69,0,0,4,0,0,3,48,18,1,14,0,16,1,22,5,0,1,0,12,1,6,2,5,3,0,0,1,0,0,0,6,5
11/06/21,9,5,22,4,8,9,30,4,9,0,8,7,17,65,1,1,2,0,0,3,49,18,0,15,0,16,1,21,5,0,3,0,6,0,5,1,9,5,0,0,3,0,0,0,6,5
11/06/21,8,3,17,2,4,5,21,0,5,0,8,7,17,62,1,1,1,0,0,3,47,16,0,16,0,15,0,21,5,0,3,0,5,0,4,4,7,7,0,0,3,0,0,1,6,5
11/06/21,7,2,14,0,2,2,16,0,5,0,6,6,16,63,2,1,1,0,0,3,47,17,0,15,0,15,0,18,6,2,4,0,5,0,4,4,3,3,0,0,2,0,1,2,6,5
11/06/21,6,1,12,0,2,1,14,0,5,0,6,5,17,63,1,1,1,0,0,3,48,17,1,15,0,16,0,16,7,1,4,0,5,0,4,3,2,2,0,0,2,0,0,1,6,5
11/06/21,5,0,11,0,2,0,13,0,5,0,6,5,17,63,1,1,1,0,1,3,48,17,1,15,0,16,1,16,6,1,4,0,5,0,4,7,1,1,0,0,2,0,0,1,6,5
11/06/21,4,5,11,0,2,5,13,3,5,0,5,5,16,65,1,1,1,0,1,4,48,18,4,14,1,16,1,15,7,1,8,0,6,0,5,8,1,1,0,0,2,0,0,0,6,5
11/06/21,3,2,6,1,2,3,8,1,2,0,4,5,15,60,0,0,1,0,2,3,45,16,2,14,1,15,1,16,4,1,7,0,6,0,5,2,8,4,1,1,2,0,0,0,6,5
11/06/21,2,3,4,0,1,3,5,1,1,0,3,4,15,62,0,0,1,0,0,3,45,18,2,13,1,14,1,16,3,0,3,0,8,0,5,3,7,5,0,2,3,0,0,2,6,5
11/06/21,1,1,1,1,1,2,2,0,0,0,2,1,17,66,0,0,1,0,0,3,47,18,1,14,1,15,1,14,3,0,2,0,10,2,6,2,8,8,0,1,5,1,0,1,6,5
11/05/21,24,5,140,2,102,7,242,3,38,0,45,43,15,67,0,0,6,18,0,3,48,17,2,15,2,16,2,11,2,0,5,0,11,2,6,3,7,7,0,3,6,1,0,0,5,4
11/05/21,23,5,135,3,100,8,235,3,35,0,42,43,13,72,0,0,6,17,0,4,44,18,3,12,0,14,0,10,1,0,3,0,17,1,8,8,8,5,0,3,5,1,0,3,7,5
11/05/21,22,6,130,2,97,8,227,4,32,0,41,40,15,77,0,0,6,17,0,4,43,16,2,13,1,14,2,8,1,0,2,0,21,3,9,7,11,9,0,1,5,1,1,4,9,4
11/05/21,21,4,124,4,95,8,219,1,28,0,40,39,15,81,0,0,6,17,0,2,44,19,3,15,1,10,0,5,0,0,2,0,26,1,11,10,11,8,0,1,4,0,1,7,9,4
11/05/21,20,6,120,6,91,12,211,2,27,0,36,37,13,84,0,0,5,16,0,2,49,18,3,16,2,15,2,4,2,2,2,0,24,1,13,9,12,7,0,2,5,0,1,5,9,3
11/05/21,19,8,114,5,85,13,199,2,25,0,34,32,16,83,0,0,5,15,2,4,46,18,1,14,0,14,3,3,0,1,2,0,24,2,11,9,11,6,0,2,6,0,0,7,9,3
11/05/21,18,5,106,5,80,10,186,1,23,0,32,28,18,80,0,0,5,10,9,4,44,18,3,14,3,12,0,3,1,1,2,0,22,3,12,10,6,3,3,2,5,1,1,4,10,3
11/05/21,17,6,101,10,75,16,176,2,22,0,33,25,21,78,1,1,5,7,9,3,46,17,2,13,4,16,0,2,0,1,7,0,19,1,11,4,6,3,4,5,5,1,0,3,9,3
11/05/21,16,8,95,7,65,15,160,4,20,0,28,24,18,84,2,2,4,4,11,3,51,19,3,16,3,16,2,7,0,1,5,0,19,5,7,6,4,3,6,2,3,0,0,2,9,3
11/05/21,15,11,87,7,58,18,145,2,16,2,26,23,16,76,0,0,4,2,12,4,49,21,5,14,2,14,2,9,1,0,4,0,16,2,5,7,6,6,6,1,1,0,0,3,7,3
11/05/21,14,11,76,5,51,16,127,2,14,0,25,23,16,73,1,1,3,2,10,3,44,18,2,13,1,13,0,13,2,0,6,0,19,5,5,6,8,6,5,0,0,0,1,3,6,3
11/05/21,13,11,65,9,46,20,111,1,12,0,20,21,13,74,1,1,2,2,7,3,48,17,2,15,0,16,1,15,2,0,3,0,18,4,5,6,10,9,6,1,2,0,0,6,4,3
11/05/21,12,9,54,2,37,11,91,1,11,0,18,15,16,77,0,0,2,1,2,2,50,19,3,16,2,15,0,22,2,0,3,0,19,8,5,3,8,5,0,1,1,0,0,3,6,4
11/05/21,11,10,45,10,35,20,80,1,10,0,15,11,18,67,0,0,2,0,1,2,47,18,2,14,2,15,1,22,1,0,2,0,12,3,4,3,11,9,1,5,0,0,0,0,6,4
11/05/21,10,13,35,5,25,18,60,4,9,0,14,11,17,63,0,0,2,0,0,2,43,15,0,13,1,15,0,23,1,0,1,0,13,3,4,4,6,4,0,2,0,0,0,0,5,3
11/05/21,9,5,22,1,20,6,42,0,5,0,11,7,21,59,0,0,2,0,0,0,41,15,0,13,0,13,0,19,0,0,1,0,12,4,5,3,5,5,0,1,0,0,0,0,6,4
11/05/21,8,3,17,6,19,9,36,1,5,0,11,6,21,50,0,0,2,0,0,0,40,14,1,13,0,13,1,22,0,0,1,0,4,0,3,1,15,15,0,1,0,0,1,0,6,4
11/05/21,7,4,14,7,13,11,27,2,4,0,10,6,21,49,0,0,1,0,0,0,41,13,0,15,0,13,0,22,1,0,1,0,4,0,4,4,10,9,0,1,0,0,1,0,4,4
11/05/21,6,3,10,1,6,4,16,0,2,0,8,6,19,55,0,0,1,0,0,0,46,17,0,14,1,15,0,22,1,0,1,0,5,0,5,3,5,3,0,0,0,0,0,0,4,4
11/05/21,5,2,7,0,5,2,12,0,2,0,8,4,22,58,0,0,0,0,0,2,45,17,0,14,1,14,0,22,1,0,2,0,7,0,6,3,4,2,0,1,0,0,0,0,4,4
11/05/21,4,0,5,0,5,0,10,0,2,0,3,2,19,59,0,0,0,0,0,3,44,17,0,13,0,14,0,23,2,0,2,0,8,0,6,2,6,3,0,0,1,0,0,0,4,3
11/05/21,3,0,5,2,5,2,10,0,2,0,3,2,19,60,0,0,0,0,0,3,45,17,0,13,0,15,1,22,2,0,2,0,8,0,6,1,5,5,0,0,1,0,0,0,4,3
11/05/21,2,2,5,3,3,5,8,1,2,0,3,2,19,58,0,0,0,0,0,3,43,17,2,13,0,13,0,19,2,0,2,0,8,0,6,1,5,4,0,2,1,0,0,0,4,3
11/05/21,1,3,3,0,0,3,3,1,1,0,1,1,17,58,0,0,0,0,0,3,44,16,2,15,1,13,0,17,0,0,4,0,7,0,5,1,3,2,0,2,0,0,1,3,4,3
11/04/21,24,4,120,2,100,6,220,1,42,1,41,37,18,59,0,0,16,10,0,4,44,15,2,15,0,14,1,15,0,0,5,0,7,1,5,3,3,3,0,3,0,0,1,1,4,3
11/04/21,23,4,116,2,98,6,214,2,41,0,41,37,18,63,0,0,16,10,0,4,44,15,2,15,2,14,1,9,0,0,4,0,11,0,7,3,2,1,0,2,0,0,1,1,4,3
11/04/21,22,3,112,5,96,8,208,2,39,0,40,34,20,64,0,0,16,10,0,5,42,16,2,13,1,13,0,8,0,1,6,0,12,0,7,2,3,3,0,2,2,0,0,1,5,3
11/04/21,21,7,109,2,91,9,200,4,37,0,37,34,17,75,1,1,16,10,0,6,48,16,1,15,1,17,2,7,0,1,6,0,14,0,7,7,1,0,0,2,4,0,1,4,6,3
11/04/21,20,6,102,1,89,7,191,3,33,0,35,31,18,71,0,0,16,10,0,5,49,18,1,15,0,16,2,5,0,1,8,0,11,1,6,6,8,2,0,2,3,0,1,2,6,3
11/04/21,19,6,96,6,88,12,184,3,30,0,33,29,18,71,1,1,16,10,2,5,50,19,3,14,0,17,1,5,0,1,4,0,9,0,4,7,9,5,0,2,4,0,1,2,6,3
11/04/21,18,5,90,2,82,7,172,3,27,0,31,29,16,72,1,1,15,10,6,5,51,19,3,15,1,17,2,3,1,2,5,0,9,1,4,6,6,1,0,2,2,0,1,6,6,3
11/04/21,17,4,85,5,80,9,165,2,24,0,28,26,15,79,4,3,15,10,8,5,48,17,0,14,1,17,2,6,0,3,5,0,16,1,5,7,7,5,2,2,2,0,0,2,6,2
11/04/21,16,5,81,10,75,15,156,2,22,2,25,19,21,84,6,6,15,10,8,5,54,21,0,17,1,16,0,6,1,5,5,0,13,2,5,8,9,7,3,3,4,0,1,0,6,3
11/04/21,15,8,76,11,65,19,141,4,20,1,21,19,18,88,5,5,14,6,7,4,53,21,0,16,3,16,1,9,0,5,6,0,18,2,7,8,8,8,3,2,5,0,1,1,8,5
11/04/21,14,13,68,6,54,19,122,4,16,0,20,15,21,86,4,4,14,6,5,5,51,20,0,16,3,15,1,7,0,3,9,0,18,5,5,8,7,5,1,3,4,0,0,1,8,5
11/04/21,13,10,55,11,48,21,103,2,12,1,19,13,22,82,2,2,11,3,5,5,51,19,1,16,0,16,0,12,1,0,4,0,16,6,4,7,5,3,0,2,3,0,0,1,8,5
11/04/21,12,11,45,8,37,19,82,4,10,0,17,12,21,73,2,2,9,2,2,5,49,18,0,14,1,17,1,15,2,1,4,0,8,0,4,7,9,5,1,1,3,0,0,0,9,5
11/04/21,11,6,34,12,29,18,63,1,6,1,14,11,20,70,0,0,7,2,1,3,50,19,1,16,1,15,3,22,2,0,0,0,9,0,4,10,9,4,0,3,1,0,0,0,8,5
11/04/21,10,11,28,5,17,16,45,2,5,0,10,8,19,73,0,0,3,2,0,3,46,17,1,15,1,14,1,22,3,0,0,0,16,0,7,8,4,3,0,1,3,0,0,0,8,4
11/04/21,9,4,17,4,12,8,29,0,3,0,10,7,20,65,0,0,2,2,0,5,45,16,1,15,1,14,0,17,3,0,0,0,8,0,5,4,7,4,0,0,3,0,0,0,7,4
11/04/21,8,2,13,3,8,5,21,0,3,0,10,7,20,62,0,0,1,0,0,4,45,15,1,15,0,15,1,14,3,0,1,0,7,0,3,7,5,5,0,2,3,0,0,2,6,4
11/04/21,7,2,11,0,5,2,16,0,3,0,8,5,20,62,0,0,1,0,0,3,46,16,2,15,0,15,0,13,4,0,0,0,7,0,3,6,4,3,0,2,3,0,0,1,6,4
11/04/21,6,2,9,1,5,3,14,1,3,0,6,5,18,61,0,0,1,0,0,3,44,15,1,15,0,14,0,14,5,0,0,0,7,0,3,6,3,2,0,2,2,0,0,0,7,4
11/04/21,5,2,7,1,4,3,11,1,2,0,6,5,18,61,0,0,1,0,0,3,45,16,1,15,0,14,0,13,5,0,0,0,7,0,3,5,6,1,0,1,3,0,0,2,6,4
11/04/21,4,1,5,0,3,1,8,0,1,0,5,5,17,59,0,0,1,0,0,3,45,14,0,15,0,16,0,13,5,0,2,0,6,0,3,5,5,3,0,0,4,0,0,1,5,4
11/04/21,3,0,4,0,3,0,7,0,1,0,4,5,16,61,0,0,1,0,0,3,47,15,0,17,0,15,0,10,4,2,3,0,6,0,3,5,6,5,0,0,4,1,1,0,5,4
11/04/21,2,0,4,1,3,1,7,0,1,0,3,5,15,65,0,0,0,0,0,3,49,17,2,17,1,15,2,12,3,4,3,0,8,2,3,5,9,8,0,4,3,1,0,0,5,4
11/04/21,1,4,4,2,2,6,6,1,1,0,2,2,17,72,1,1,0,0,0,3,48,16,1,17,1,15,2,15,2,3,1,0,14,3,6,6,11,10,0,5,3,1,0,0,6,3
11/03/21,24,5,133,4,96,9,229,2,40,0,38,32,17,73,1,1,9,14,0,4,49,18,1,17,1,14,1,13,2,1,4,0,13,3,6,6,10,9,0,4,3,1,0,2,6,3
11/03/21,23,3,128,3,92,6,220,1,38,0,35,30,16,77,1,1,8,14,0,5,49,17,3,18,2,14,1,11,2,0,2,0,15,3,8,4,9,6,0,4,6,1,0,0,7,3
11/03/21,22,6,125,6,89,12,214,2,37,1,33,30,14,77,2,2,7,14,0,5,48,16,3,17,1,15,2,11,4,0,5,0,15,5,8,3,10,5,0,4,4,0,0,0,7,3
11/03/21,21,6,119,1,83,7,202,2,35,0,32,29,14,72,1,1,6,14,0,6,47,15,2,18,2,14,3,11,1,0,4,0,11,3,6,3,11,7,0,2,4,0,0,1,7,2
11/03/21,20,7,113,6,82,13,195,3,33,0,32,29,15,79,6,6,5,13,0,5,47,16,0,17,1,14,2,9,0,1,5,0,15,3,6,5,13,10,0,1,3,0,0,0,6,2
11/03/21,19,7,106,5,76,12,182,2,30,0,28,27,13,81,4,3,5,13,0,6,50,18,2,17,3,15,1,6,1,4,8,0,15,3,5,6,8,6,0,1,1,0,0,1,6,2
11/03/21,18,9,99,3,71,12,170,4,28,1,28,20,19,86,7,6,5,12,3,5,50,18,0,17,2,15,0,8,0,5,11,0,19,5,6,4,5,3,1,2,2,0,0,0,5,2
11/03/21,17,5,90,2,68,7,158,3,24,0,25,15,22,83,6,5,5,8,8,5,51,19,0,17,3,15,1,9,1,1,9,1,14,2,3,8,9,8,2,1,0,0,1,2,6,2
11/03/21,16,3,85,5,66,8,151,1,21,0,20,13,20,95,9,8,4,4,10,5,51,19,0,16,2,16,1,10,1,1,6,1,23,6,5,11,10,8,3,4,0,0,0,1,6,2
11/03/21,15,12,82,7,61,19,143,4,20,1,17,13,17,94,9,8,4,3,13,4,54,20,0,17,4,17,1,11,0,5,8,1,21,7,5,8,8,6,5,6,1,0,0,2,5,2
11/03/21,14,10,70,7,54,17,124,1,16,0,10,10,13,86,2,1,3,2,9,4,56,21,1,17,4,18,2,12,1,4,7,0,20,9,5,6,8,8,2,6,1,0,0,0,4,1
11/03/21,13,8,60,5,47,13,107,5,15,1,10,9,15,78,1,0,3,1,10,4,53,21,4,17,3,15,1,7,0,3,3,0,16,6,3,5,6,5,4,4,2,0,0,0,4,2
11/03/21,12,12,52,9,42,21,94,1,10,0,8,8,16,73,1,0,3,1,6,4,49,18,1,16,3,15,1,7,1,2,3,0,13,2,5,4,14,11,2,4,4,0,0,0,6,4
11/03/21,11,13,40,11,33,24,73,2,9,1,8,7,17,72,0,0,3,0,1,4,49,20,3,14,2,15,0,13,3,1,0,0,12,5,3,2,5,4,1,5,4,0,0,0,7,5
11/03/21,10,11,27,5,22,16,49,3,7,1,7,6,17,58,0,0,3,0,1,4,43,16,0,13,1,14,1,19,3,0,0,0,5,0,4,2,7,3,0,4,3,0,0,0,6,5
11/03/21,9,3,16,5,17,8,33,0,4,0,6,6,18,57,0,0,2,0,0,3,41,16,0,11,0,14,1,23,3,0,1,0,7,0,5,2,4,3,0,3,3,0,0,0,6,5
11/03/21,8,5,13,4,12,9,25,1,4,0,6,6,18,55,0,0,2,0,0,3,39,16,0,9,0,14,1,23,2,0,0,0,7,0,7,0,7,7,0,3,3,0,0,0,6,5
11/03/21,7,1,8,4,8,5,16,0,3,0,6,5,19,54,0,0,2,0,0,3,38,16,0,9,0,13,0,21,2,0,0,0,7,0,7,0,4,4,0,0,3,0,0,0,6,5
11/03/21,6,1,7,0,4,1,11,0,3,0,5,4,19,56,0,0,2,0,0,3,39,16,0,10,0,13,1,20,2,0,0,0,8,0,7,1,0,0,0,0,4,1,0,0,6,5
11/03/21,5,1,6,0,4,1,10,1,3,0,4,4,17,56,0,0,2,0,0,3,39,16,0,10,1,13,0,20,2,0,0,0,8,0,7,0,1,0,0,0,2,1,0,0,6,5
11/03/21,4,2,5,0,4,2,9,1,2,0,3,3,17,69,0,0,2,0,0,3,39,16,0,9,1,14,0,19,2,0,0,0,21,4,8,6,4,3,0,0,1,1,0,1,6,5
11/03/21,3,2,3,1,4,3,7,1,1,0,3,2,18,70,0,0,2,0,0,2,41,16,0,11,1,14,0,14,0,0,1,0,21,4,6,9,7,2,0,0,1,1,0,1,6,5
11/03/21,2,0,1,0,3,0,4,0,0,0,2,2,17,71,0,0,2,0,0,2,42,16,0,12,0,14,0,12,0,1,6,0,21,5,6,9,10,7,0,0,0,0,0,1,6,5
11/03/21,1,1,1,3,3,4,4,0,0,0,1,1,17,73,0,0,2,0,0,2,45,17,1,13,0,15,0,12,0,1,6,0,20,6,4,8,14,13,0,0,1,0,0,1,6,5
11/02/21,24,3,137,1,105,4,242,2,41,0,39,29,16,81,0,0,7,13,0,4,46,18,3,13,0,15,1,9,1,2,4,0,26,10,7,8,14,13,0,0,1,0,0,0,5,5
11/02/21,23,1,134,4,104,5,238,1,39,0,39,27,18,79,0,0,7,13,0,4,46,16,2,14,2,16,1,7,1,0,1,0,24,10,6,4,14,12,0,0,1,0,0,0,5,5
11/02/21,22,6,133,4,100,10,233,5,38,0,36,24,18,83,0,0,7,12,0,5,45,16,1,13,1,16,1,7,2,0,0,0,28,15,7,4,13,11,0,0,1,0,0,0,5,5
11/02/21,21,5,127,1,96,6,223,3,33,0,34,24,17,86,0,0,7,10,0,4,48,18,1,15,1,15,1,9,0,0,1,0,29,18,4,6,13,9,0,4,1,0,0,0,5,3
11/02/21,20,9,122,6,95,15,217,3,30,1,32,24,16,93,2,2,7,10,1,5,49,17,2,16,0,16,2,11,0,0,0,0,31,18,4,6,13,10,0,4,2,0,0,0,6,3
11/02/21,19,9,113,7,89,16,202,1,27,0,31,22,17,96,3,3,7,10,2,4,54,21,2,16,1,17,0,8,0,0,0,0,29,16,4,7,10,8,0,5,3,0,5,1,6,3
11/02/21,18,9,104,2,82,11,186,0,26,0,31,16,23,87,4,3,7,10,5,4,54,20,1,17,0,17,1,5,0,0,1,0,19,6,5,6,18,14,1,4,4,0,0,3,6,3
11/02/21,17,8,95,8,80,16,175,1,26,0,24,11,22,90,6,5,7,10,7,4,55,21,3,18,1,16,0,7,0,1,0,0,19,4,5,6,13,12,5,7,6,0,0,1,6,2
11/02/21,16,7,87,7,72,14,159,4,25,0,19,12,18,93,5,5,6,10,12,5,56,21,3,18,2,17,0,11,0,1,2,0,21,8,5,5,5,5,7,5,6,0,0,4,6,3
11/02/21,15,12,80,6,65,18,145,4,21,0,19,10,20,90,3,3,6,8,11,5,53,19,3,16,2,18,2,6,0,4,5,0,22,5,9,8,5,5,4,5,5,0,1,3,7,3
11/02/21,14,9,68,5,59,14,127,0,17,0,16,10,17,87,3,3,6,7,9,4,53,21,2,16,4,16,1,3,0,4,4,0,21,5,11,11,2,2,4,5,9,0,3,4,6,2
11/02/21,13,8,59,9,54,17,113,3,17,1,13,10,14,83,4,4,6,4,11,4,53,22,3,14,2,17,2,6,1,3,3,0,18,2,10,14,3,1,7,1,11,0,3,3,4,2
11/02/21,12,16,51,9,45,25,96,5,14,1,10,9,12,66,3,3,2,2,6,4,44,18,1,10,0,16,4,9,2,1,1,0,11,0,10,10,14,7,2,4,9,0,4,1,4,2
11/02/21,11,15,35,3,36,18,71,3,9,2,9,7,14,60,1,1,1,0,2,4,37,14,0,10,1,13,0,10,3,1,0,0,12,2,10,9,12,7,2,2,6,0,0,1,6,4
11/02/21,10,9,20,11,33,20,53,1,6,0,8,6,14,58,0,0,1,0,0,2,38,12,0,12,1,14,2,12,3,1,0,0,12,2,10,5,14,10,0,0,7,0,0,1,6,4
11/02/21,9,2,11,12,22,14,33,0,5,0,8,3,17,52,0,0,1,0,0,2,33,11,0,10,0,12,0,12,3,1,0,0,11,0,10,1,12,7,0,2,6,0,0,1,6,5
11/02/21,8,2,9,1,10,3,19,1,5,0,7,3,16,54,0,0,1,0,2,1,35,11,0,12,0,12,0,12,3,1,0,0,12,0,9,1,5,5,0,0,6,0,0,1,6,5
11/02/21,7,0,7,2,9,2,16,0,4,0,5,3,14,53,0,0,1,0,2,1,35,11,1,12,0,12,0,13,3,0,0,0,11,0,9,2,3,3,0,0,6,0,0,0,6,5
11/02/21,6,0,7,0,7,0,14,0,4,0,5,2,15,52,0,0,1,0,2,2,37,12,0,14,1,11,1,15,3,0,0,0,7,0,5,4,3,3,0,0,5,0,0,1,6,5
11/02/21,5,2,7,1,7,3,14,1,4,0,4,1,15,55,0,0,1,0,0,5,37,12,0,14,1,11,1,18,4,0,0,0,7,0,4,5,2,2,0,2,1,0,0,1,6,5
11/02/21,4,2,5,2,6,4,11,1,3,0,3,1,14,56,0,0,1,0,0,5,38,13,0,13,0,12,2,21,3,0,0,0,7,0,4,4,7,2,0,2,1,0,0,1,6,5
11/02/21,3,0,3,1,4,1,7,0,2,0,2,0,14,54,0,0,1,0,1,4,37,13,0,13,0,11,1,22,1,0,2,0,7,0,4,3,6,4,1,1,2,0,0,0,6,5
11/02/21,2,2,3,2,3,4,6,2,2,0,2,0,14,53,0,0,0,0,0,3,38,13,0,13,1,12,1,16,0,0,0,0,6,0,3,4,7,4,0,0,1,0,0,0,6,5
11/02/21,1,1,1,1,1,2,2,0,0,0,2,0,13,53,0,0,0,0,0,3,37,13,0,13,2,11,0,11,0,1,1,0,7,2,4,2,9,9,0,0,1,0,0,0,6,5
11/01/21,24,1,134,1,137,2,271,1,40,0,47,45,11,59,0,0,17,0,0,5,39,12,1,13,3,14,0,9,0,1,1,0,9,2,5,10,8,8,0,0,2,0,0,0,6,4
11/01/21,23,2,133,2,136,4,269,1,39,0,46,44,11,63,0,0,17,0,0,4,43,15,2,14,4,14,0,7,0,0,0,0,9,3,4,9,12,9,0,0,2,0,0,1,7,4
11/01/21,22,2,131,5,134,7,265,2,38,0,44,41,12,70,0,0,17,0,0,5,46,17,1,15,4,14,1,6,0,0,2,0,11,5,4,6,23,17,0,0,2,0,0,0,8,3
11/01/21,21,6,129,6,129,12,258,1,36,0,42,39,12,78,1,1,15,0,0,6,43,17,2,14,4,12,0,4,0,0,3,0,18,5,6,8,23,18,0,0,1,0,0,0,10,3
11/01/21,20,4,123,4,123,8,246,2,35,0,39,37,11,82,0,0,15,0,0,4,46,17,2,15,3,14,2,5,0,0,3,0,22,7,4,11,20,16,0,2,2,0,0,0,10,2
11/01/21,19,7,119,10,119,17,238,2,33,0,38,35,13,77,0,0,15,0,6,5,45,17,1,13,2,15,2,6,0,1,3,0,18,3,7,9,24,22,1,2,2,0,1,4,9,2
11/01/21,18,7,112,8,109,15,221,1,31,0,36,34,12,84,1,1,15,0,6,5,47,19,2,14,3,14,4,5,1,1,4,0,22,5,12,4,19,17,3,3,4,0,1,2,9,2
11/01/21,17,13,105,4,101,17,206,2,30,0,26,30,8,93,5,5,14,0,2,3,47,18,2,16,4,13,1,8,2,1,3,0,30,15,11,6,12,9,0,5,4,0,0,2,8,3
11/01/21,16,3,92,6,97,9,189,2,28,0,25,25,13,96,1,1,14,0,5,2,47,18,1,17,2,12,2,5,2,2,1,0,37,18,13,7,11,10,0,4,4,0,0,2,9,3
11/01/21,15,18,89,9,91,27,180,1,26,0,22,23,13,88,3,3,14,0,5,1,48,16,3,16,2,16,3,6,0,5,2,0,26,5,15,7,27,23,0,3,6,0,0,3,10,3
11/01/21,14,13,71,4,82,17,153,5,25,0,19,15,18,82,2,2,13,0,13,0,47,12,1,17,2,18,3,7,0,5,1,0,24,7,12,7,14,13,7,6,2,0,1,1,9,3
11/01/21,13,14,58,17,78,31,136,4,20,0,14,12,16,77,2,2,13,0,12,1,48,14,0,17,4,17,2,9,0,4,2,0,17,0,13,6,18,16,8,6,4,0,0,0,9,3
11/01/21,12,10,44,10,61,20,105,1,16,0,11,11,14,66,0,0,12,0,7,1,46,14,1,13,0,19,4,13,0,2,4,0,12,1,9,6,9,5,3,3,4,0,0,1,7,3
11/01/21,11,8,34,17,51,25,85,3,15,0,8,10,12,60,0,0,10,0,6,1,41,13,0,13,0,15,1,23,0,4,2,0,11,0,8,4,12,5,6,6,3,0,0,0,7,3
11/01/21,10,9,26,6,34,15,60,3,12,0,8,9,13,58,0,0,9,0,0,2,39,12,2,13,2,14,1,27,0,4,2,0,11,2,7,2,4,0,0,4,3,0,0,0,6,3
11/01/21,9,3,17,14,28,17,45,1,9,0,9,6,17,47,0,0,5,0,0,2,34,10,0,11,0,13,1,25,0,3,2,0,5,0,5,0,8,5,0,3,2,0,0,0,6,3
11/01/21,8,3,14,6,14,9,28,2,8,0,6,5,15,47,0,0,4,0,0,3,33,10,0,11,0,12,0,18,1,1,0,0,5,0,4,2,4,4,0,0,3,0,0,0,6,3
11/01/21,7,0,11,1,8,1,19,0,6,0,5,5,14,45,0,0,0,0,0,2,35,9,0,12,0,14,0,18,1,1,0,0,4,0,3,1,3,1,0,0,2,0,0,0,4,3
11/01/21,6,1,11,3,7,4,18,1,6,0,5,5,14,45,0,0,0,0,0,2,34,8,1,12,0,14,0,18,1,0,0,0,5,0,3,3,3,2,0,0,1,0,0,0,4,3
11/01/21,5,2,10,0,4,2,14,0,5,0,5,5,14,48,0,0,0,0,0,2,36,10,1,14,0,12,2,19,1,0,0,0,6,0,3,2,1,1,0,1,1,0,0,0,4,3
11/01/21,4,2,8,0,4,2,12,2,5,0,5,2,17,47,0,0,0,0,0,2,36,11,1,14,0,11,1,17,1,0,0,0,6,0,4,3,1,1,0,2,0,0,0,0,3,3
11/01/21,3,3,6,1,4,4,10,2,3,0,3,2,15,46,0,0,0,0,0,1,36,12,2,14,1,10,1,17,0,0,0,0,6,0,4,3,1,1,0,3,0,0,0,0,3,3
11/01/21,2,2,3,2,3,4,6,1,1,0,3,2,15,44,0,0,0,0,0,0,34,11,1,13,1,10,2,14,0,0,0,0,7,0,5,3,1,1,0,2,1,0,0,0,3,3
11/01/21,1,1,1,1,1,2,2,0,0,0,1,0,14,44,0,0,0,0,0,0,32,10,0,12,0,10,2,12,0,0,0,0,8,0,5,0,2,1,0,3,1,0,0,0,4,3

